// Code generated by tools/gentables from brotli/c/common (MIT, the Brotli Authors). DO NOT EDIT.

package font

// The two previous bytes map to a literal context through this table.
const brotliContextLookup = "\x00\x01\x02\x03\x04\x05\x06\a\b\t\n\v\f\r\x0e\x0f\x10\x11\x12\x13\x14\x15\x16\x17\x18\x19\x1a\x1b\x1c\x1d\x1e\x1f !\"#$%&'()*+,-./0123456789:;<=>?\x00\x01\x02\x03\x04\x05\x06\a\b\t\n\v\f\r\x0e\x0f\x10\x11\x12\x13\x14\x15\x16\x17\x18\x19\x1a\x1b\x1c\x1d\x1e\x1f !\"#$%&'()*+,-./0123456789:;<=>?\x00\x01\x02\x03\x04\x05\x06\a\b\t\n\v\f\r\x0e\x0f\x10\x11\x12\x13\x14\x15\x16\x17\x18\x19\x1a\x1b\x1c\x1d\x1e\x1f !\"#$%&'()*+,-./0123456789:;<=>?\x00\x01\x02\x03\x04\x05\x06\a\b\t\n\v\f\r\x0e\x0f\x10\x11\x12\x13\x14\x15\x16\x17\x18\x19\x1a\x1b\x1c\x1d\x1e\x1f !\"#$%&'()*+,-./0123456789:;<=>?\x00\x00\x00\x00\x00\x00\x00\x00\x00\x00\x00\x00\x00\x00\x00\x00\x00\x00\x00\x00\x00\x00\x00\x00\x00\x00\x00\x00\x00\x00\x00\x00\x00\x00\x00\x00\x00\x00\x00\x00\x00\x00\x00\x00\x00\x00\x00\x00\x00\x00\x00\x00\x00\x00\x00\x00\x00\x00\x00\x00\x00\x00\x00\x00\x00\x00\x00\x00\x00\x00\x00\x00\x00\x00\x00\x00\x00\x00\x00\x00\x00\x00\x00\x00\x00\x00\x00\x00\x00\x00\x00\x00\x00\x00\x00\x00\x00\x00\x00\x00\x00\x00\x00\x00\x00\x00\x00\x00\x00\x00\x00\x00\x00\x00\x00\x00\x00\x00\x00\x00\x00\x00\x00\x00\x00\x00\x00\x00\x00\x00\x00\x00\x00\x00\x00\x00\x00\x00\x00\x00\x00\x00\x00\x00\x00\x00\x00\x00\x00\x00\x00\x00\x00\x00\x00\x00\x00\x00\x00\x00\x00\x00\x00\x00\x00\x00\x00\x00\x00\x00\x00\x00\x00\x00\x00\x00\x00\x00\x00\x00\x00\x00\x00\x00\x00\x00\x00\x00\x00\x00\x00\x00\x00\x00\x00\x00\x00\x00\x00\x00\x00\x00\x00\x00\x00\x00\x00\x00\x00\x00\x00\x00\x00\x00\x00\x00\x00\x00\x00\x00\x00\x00\x00\x00\x00\x00\x00\x00\x00\x00\x00\x00\x00\x00\x00\x00\x00\x00\x00\x00\x00\x00\x00\x00\x00\x00\x00\x00\x00\x00\x00\x00\x00\x00\x00\x00\x00\x00\x00\x00\x01\x01\x01\x01\x02\x02\x02\x02\x03\x03\x03\x03\x04\x04\x04\x04\x05\x05\x05\x05\x06\x06\x06\x06\a\a\a\a\b\b\b\b\t\t\t\t\n\n\n\n\v\v\v\v\f\f\f\f\r\r\r\r\x0e\x0e\x0e\x0e\x0f\x0f\x0f\x0f\x10\x10\x10\x10\x11\x11\x11\x11\x12\x12\x12\x12\x13\x13\x13\x13\x14\x14\x14\x14\x15\x15\x15\x15\x16\x16\x16\x16\x17\x17\x17\x17\x18\x18\x18\x18\x19\x19\x19\x19\x1a\x1a\x1a\x1a\x1b\x1b\x1b\x1b\x1c\x1c\x1c\x1c\x1d\x1d\x1d\x1d\x1e\x1e\x1e\x1e\x1f\x1f\x1f\x1f    !!!!\"\"\"\"####$$$$%%%%&&&&''''(((())))****++++,,,,----....////0000111122223333444455556666777788889999::::;;;;<<<<====>>>>????\x00\x00\x00\x00\x00\x00\x00\x00\x00\x00\x00\x00\x00\x00\x00\x00\x00\x00\x00\x00\x00\x00\x00\x00\x00\x00\x00\x00\x00\x00\x00\x00\x00\x00\x00\x00\x00\x00\x00\x00\x00\x00\x00\x00\x00\x00\x00\x00\x00\x00\x00\x00\x00\x00\x00\x00\x00\x00\x00\x00\x00\x00\x00\x00\x00\x00\x00\x00\x00\x00\x00\x00\x00\x00\x00\x00\x00\x00\x00\x00\x00\x00\x00\x00\x00\x00\x00\x00\x00\x00\x00\x00\x00\x00\x00\x00\x00\x00\x00\x00\x00\x00\x00\x00\x00\x00\x00\x00\x00\x00\x00\x00\x00\x00\x00\x00\x00\x00\x00\x00\x00\x00\x00\x00\x00\x00\x00\x00\x00\x00\x00\x00\x00\x00\x00\x00\x00\x00\x00\x00\x00\x00\x00\x00\x00\x00\x00\x00\x00\x00\x00\x00\x00\x00\x00\x00\x00\x00\x00\x00\x00\x00\x00\x00\x00\x00\x00\x00\x00\x00\x00\x00\x00\x00\x00\x00\x00\x00\x00\x00\x00\x00\x00\x00\x00\x00\x00\x00\x00\x00\x00\x00\x00\x00\x00\x00\x00\x00\x00\x00\x00\x00\x00\x00\x00\x00\x00\x00\x00\x00\x00\x00\x00\x00\x00\x00\x00\x00\x00\x00\x00\x00\x00\x00\x00\x00\x00\x00\x00\x00\x00\x00\x00\x00\x00\x00\x00\x00\x00\x00\x00\x00\x00\x00\x00\x00\x00\x00\x00\x00\x00\x00\x00\x00\x00\x00\x00\x00\x00\x00\x00\x00\x00\x00\x00\x04\x04\x00\x00\x04\x00\x00\x00\x00\x00\x00\x00\x00\x00\x00\x00\x00\x00\x00\x00\x00\x00\x00\b\f\x10\f\f\x14\f\x10\x18\x1c\f\f \f$\f,,,,,,,,,,  \x18(\x1c\f\f04440444044444044444044444\x18\f\x1c\f\f\f8<<<8<<<8<<<<<8<<<<<8<<<<<\x18\f\x1c\f\x00\x00\x01\x00\x01\x00\x01\x00\x01\x00\x01\x00\x01\x00\x01\x00\x01\x00\x01\x00\x01\x00\x01\x00\x01\x00\x01\x00\x01\x00\x01\x00\x01\x00\x01\x00\x01\x00\x01\x00\x01\x00\x01\x00\x01\x00\x01\x00\x01\x00\x01\x00\x01\x00\x01\x00\x01\x00\x01\x00\x01\x00\x01\x00\x01\x02\x03\x02\x03\x02\x03\x02\x03\x02\x03\x02\x03\x02\x03\x02\x03\x02\x03\x02\x03\x02\x03\x02\x03\x02\x03\x02\x03\x02\x03\x02\x03\x02\x03\x02\x03\x02\x03\x02\x03\x02\x03\x02\x03\x02\x03\x02\x03\x02\x03\x02\x03\x02\x03\x02\x03\x02\x03\x02\x03\x02\x03\x02\x03\x00\x00\x00\x00\x00\x00\x00\x00\x00\x00\x00\x00\x00\x00\x00\x00\x00\x00\x00\x00\x00\x00\x00\x00\x00\x00\x00\x00\x00\x00\x00\x00\x00\x01\x01\x01\x01\x01\x01\x01\x01\x01\x01\x01\x01\x01\x01\x01\x02\x02\x02\x02\x02\x02\x02\x02\x02\x02\x01\x01\x01\x01\x01\x01\x01\x02\x02\x02\x02\x02\x02\x02\x02\x02\x02\x02\x02\x02\x02\x02\x02\x02\x02\x02\x02\x02\x02\x02\x02\x02\x02\x01\x01\x01\x01\x01\x01\x03\x03\x03\x03\x03\x03\x03\x03\x03\x03\x03\x03\x03\x03\x03\x03\x03\x03\x03\x03\x03\x03\x03\x03\x03\x03\x01\x01\x01\x01\x00\x00\x00\x00\x00\x00\x00\x00\x00\x00\x00\x00\x00\x00\x00\x00\x00\x00\x00\x00\x00\x00\x00\x00\x00\x00\x00\x00\x00\x00\x00\x00\x00\x00\x00\x00\x00\x00\x00\x00\x00\x00\x00\x00\x00\x00\x00\x00\x00\x00\x00\x00\x00\x00\x00\x00\x00\x00\x00\x00\x00\x00\x00\x00\x00\x00\x00\x00\x00\x00\x00\x00\x00\x00\x00\x00\x00\x00\x00\x00\x00\x00\x00\x00\x00\x00\x00\x00\x00\x00\x00\x00\x00\x00\x00\x00\x00\x02\x02\x02\x02\x02\x02\x02\x02\x02\x02\x02\x02\x02\x02\x02\x02\x02\x02\x02\x02\x02\x02\x02\x02\x02\x02\x02\x02\x02\x02\x02\x02\x00\b\b\b\b\b\b\b\b\b\b\b\b\b\b\b\x10\x10\x10\x10\x10\x10\x10\x10\x10\x10\x10\x10\x10\x10\x10\x10\x10\x10\x10\x10\x10\x10\x10\x10\x10\x10\x10\x10\x10\x10\x10\x10\x10\x10\x10\x10\x10\x10\x10\x10\x10\x10\x10\x10\x10\x10\x10\x10\x18\x18\x18\x18\x18\x18\x18\x18\x18\x18\x18\x18\x18\x18\x18\x18\x18\x18\x18\x18\x18\x18\x18\x18\x18\x18\x18\x18\x18\x18\x18\x18\x18\x18\x18\x18\x18\x18\x18\x18\x18\x18\x18\x18\x18\x18\x18\x18\x18\x18\x18\x18\x18\x18\x18\x18\x18\x18\x18\x18\x18\x18\x18\x18                                                                ((((((((((((((((((((((((((((((((((((((((((((((((0000000000000008\x00\x01\x01\x01\x01\x01\x01\x01\x01\x01\x01\x01\x01\x01\x01\x01\x02\x02\x02\x02\x02\x02\x02\x02\x02\x02\x02\x02\x02\x02\x02\x02\x02\x02\x02\x02\x02\x02\x02\x02\x02\x02\x02\x02\x02\x02\x02\x02\x02\x02\x02\x02\x02\x02\x02\x02\x02\x02\x02\x02\x02\x02\x02\x02\x03\x03\x03\x03\x03\x03\x03\x03\x03\x03\x03\x03\x03\x03\x03\x03\x03\x03\x03\x03\x03\x03\x03\x03\x03\x03\x03\x03\x03\x03\x03\x03\x03\x03\x03\x03\x03\x03\x03\x03\x03\x03\x03\x03\x03\x03\x03\x03\x03\x03\x03\x03\x03\x03\x03\x03\x03\x03\x03\x03\x03\x03\x03\x03\x04\x04\x04\x04\x04\x04\x04\x04\x04\x04\x04\x04\x04\x04\x04\x04\x04\x04\x04\x04\x04\x04\x04\x04\x04\x04\x04\x04\x04\x04\x04\x04\x04\x04\x04\x04\x04\x04\x04\x04\x04\x04\x04\x04\x04\x04\x04\x04\x04\x04\x04\x04\x04\x04\x04\x04\x04\x04\x04\x04\x04\x04\x04\x04\x05\x05\x05\x05\x05\x05\x05\x05\x05\x05\x05\x05\x05\x05\x05\x05\x05\x05\x05\x05\x05\x05\x05\x05\x05\x05\x05\x05\x05\x05\x05\x05\x05\x05\x05\x05\x05\x05\x05\x05\x05\x05\x05\x05\x05\x05\x05\x05\x06\x06\x06\x06\x06\x06\x06\x06\x06\x06\x06\x06\x06\x06\x06\a"

// The prefix and suffix a transform wraps a dictionary word in, each
// stored with its length in front of it.
const brotliAffixes = "\x01 \x02, \b of the \x04 of \x02s \x01.\x05 and \x04 in \x01\"\x04 to \x02\">\x01\n\x02. \x01]\x05 for \x03 a \x06 that \x01'\x06 with \x06 from \x04 by \x01(\x06. The \x04 on \x04 as \x04 is \x04ing \x02\n\t\x01:\x03ed \x02=\"\x04 at \x03ly \x01,\x02='\x05.com/\a. This \x05 not \x03er \x03al \x04ful \x04ive \x05less \x04est \x04ize \x02\u00a0\x04ous \x05 the \x02e \x00"

var brotliAffixAt = [50]uint8{
	0, 2, 5, 14, 19, 22, 24, 30, 35, 37, 42, 45, 47, 50, 52, 58,
	62, 69, 71, 78, 85, 90, 92, 99, 104, 109, 114, 119, 122, 124, 128, 131,
	136, 140, 142, 145, 151, 159, 165, 169, 173, 178, 183, 189, 194, 199, 202, 207,
	213, 216,
}

var brotliTransforms = [121][3]uint8{
	{49, 0, 49},
	{49, 0, 0},
	{0, 0, 0},
	{49, 12, 49},
	{49, 10, 0},
	{49, 0, 47},
	{0, 0, 49},
	{4, 0, 0},
	{49, 0, 3},
	{49, 10, 49},
	{49, 0, 6},
	{49, 13, 49},
	{49, 1, 49},
	{1, 0, 0},
	{49, 0, 1},
	{0, 10, 0},
	{49, 0, 7},
	{49, 0, 9},
	{48, 0, 0},
	{49, 0, 8},
	{49, 0, 5},
	{49, 0, 10},
	{49, 0, 11},
	{49, 3, 49},
	{49, 0, 13},
	{49, 0, 14},
	{49, 14, 49},
	{49, 2, 49},
	{49, 0, 15},
	{49, 0, 16},
	{0, 10, 49},
	{49, 0, 12},
	{5, 0, 49},
	{0, 0, 1},
	{49, 15, 49},
	{49, 0, 18},
	{49, 0, 17},
	{49, 0, 19},
	{49, 0, 20},
	{49, 16, 49},
	{49, 17, 49},
	{47, 0, 49},
	{49, 4, 49},
	{49, 0, 22},
	{49, 11, 49},
	{49, 0, 23},
	{49, 0, 24},
	{49, 0, 25},
	{49, 7, 49},
	{49, 1, 26},
	{49, 0, 27},
	{49, 0, 28},
	{0, 0, 12},
	{49, 0, 29},
	{49, 20, 49},
	{49, 18, 49},
	{49, 6, 49},
	{49, 0, 21},
	{49, 10, 1},
	{49, 8, 49},
	{49, 0, 31},
	{49, 0, 32},
	{47, 0, 3},
	{49, 5, 49},
	{49, 9, 49},
	{0, 10, 1},
	{49, 10, 8},
	{5, 0, 21},
	{49, 11, 0},
	{49, 10, 10},
	{49, 0, 30},
	{0, 0, 5},
	{35, 0, 49},
	{47, 0, 2},
	{49, 10, 17},
	{49, 0, 36},
	{49, 0, 33},
	{5, 0, 0},
	{49, 10, 21},
	{49, 10, 5},
	{49, 0, 37},
	{0, 0, 30},
	{49, 0, 38},
	{0, 11, 0},
	{49, 0, 39},
	{0, 11, 49},
	{49, 0, 34},
	{49, 11, 8},
	{49, 10, 12},
	{0, 0, 21},
	{49, 0, 40},
	{0, 10, 12},
	{49, 0, 41},
	{49, 0, 42},
	{49, 11, 17},
	{49, 0, 43},
	{0, 10, 5},
	{49, 11, 10},
	{0, 0, 34},
	{49, 10, 33},
	{49, 0, 44},
	{49, 11, 5},
	{45, 0, 49},
	{0, 0, 33},
	{49, 10, 30},
	{49, 11, 30},
	{49, 0, 46},
	{49, 11, 1},
	{49, 10, 34},
	{0, 10, 33},
	{0, 11, 30},
	{0, 11, 1},
	{49, 11, 33},
	{49, 11, 21},
	{49, 11, 12},
	{0, 11, 5},
	{49, 11, 34},
	{0, 11, 12},
	{0, 10, 30},
	{0, 11, 34},
	{0, 10, 34},
}

// The static dictionary of RFC 7932, 122784 bytes deflated.
const brotliDictionaryData = "\\\xfd\xf9wTW\xb6.\x88\x92瞪:\xd6+W߷;#\xefM\xc39\xa8u\v\x12:\x03c;\xed\xbc\xb6\xd3eȓuOV\x0e\x8f\x15{ψXh\xc7Z\xdbk\xad-)\xc8\xf4\x18\xa2\x11\x88\x1e\xd2`\x8c\x01cL\x8fA\x80\xe9\x84D3\xc6\xe3\xde\xdf\xc5OW\x1a\xef\x17\x8fz\x8a\b\xe9\x8dz\x7fC\xbe\xf1͵v\x90\xf5\xee=\x89A\x8a\xd8\xcdj\xe6\x9a\xf3\x9b\xdf\xfc\xa6\x93uJ\xf4\x98Je\x85R\xaa\xb8\xb2\x88Gb\x9dP\"\x9c\xb05=\xa6Uڰ\xd2Q,]Cg\xa4\xb6\xe6֥r\x84*\x86hL\x9b\x11G\xe3\xaeA\xc2\xe8Q2e\x9d4R=J\x15m\xeae\xadG\xb2T4R9J\xa9TT\xa34\xab\xe9:Y\x99P]\x1b|7I\xb5\xaa\xba\x1a\xd5G%\x8dU\xa4J2Q\xa5D4l%O\xd3\x1a\x89đ\xa9\x93\x88k\u0090\xa8\x18]w&\xa7\xba0#\xa2\x9cR\x9eiU\x93\xd5Z\"\x1c\xa5B%\x8a\xc6,\x8d\x92R4\xeeba\xa9\xac]-\xd3\xd6喒\xbaH\xa8&TR#Cc5ᔨӇR\x8d\x94S]\xb5r\x1b\x95\x85\xc5\xf3%u1Bu!Unɼ\xb2&\xfa\x87\x9aN\x13R\x89\x1d\x93\xae\xf61\x8dYC\"\x19#CVV\x95\x13#T\x13\xa3T\x15u\xb2D*\x16i\x9a\tW\x1b\xa34\xcd\xd2\xdc\xd6I\xe5\x15\x99\xd63a\xdcV-\x95\xabI\x9bJ\xeb\xaaZ'\x8a(\x19\x13\r;F\xd6m\xd5e[\x97*\x11\xa9թ\xaej#\xe3Znɦ\xc2:G\xa2.L\xbdQ\xd1:\x19\x91\xaa:&Ӕ\x84uc\xc2$e\xb2\xae\"\r}\"\xaa4\xa2\xf4\x98\x18\x13\x8d\x9eLU\xebz\x94\\M\xa8T\x8b\xa4*G\xc9RZQ\xdaQ=\x8fk\x15\xc2X\xa8\x86\xd1\U00048335\xd2*\xa6T둚L(\x91\x94\xbc\xaf\xebd\xf2\x94j\xda:\xb1U\x8cKU\xd1q\x9a\x97S1fS\xb2\xb6&Ҋ\xc5\x1c\xe6qm\x9bV\xd4\xdf\xd7\xf7\xaf\xb4\"\x1b\vC[d\x9d\x8c\x88\xa9\x9c\xe6Tѹ\x19#\x1a\xa9\x88\x98j:\xa3\xaa\x18\xa5\x9a\xc0|[7V#\x95\t32B\x99˄\xb5\xb6&3\xa3u\xfd\xfd-\x1f}\x98\xa5Bmid\x94\xe0\xa2b\x94F\x88\xb2J*\xaa\xa9T#V\xa7IE\x8e\x92\xd3z\xc4\bGN\x8f\xa9\xady=s\xb5\xdc&\u008c\xc4\xc2$\x15\x99R\x85\x84\xb1N4Fd\x9a\xba\x9ap\x15\x91\xa6\"w\x9aF\xc9\xf4ĺ\xeeD:bk:\x1bՎ\x12\xa2\xac\xae\x13̨s\xb9QemTY\xa8\xa4Bij\xb4\xa5ܤ\xab\xed\x88TF\xa7\x14k,EgE\x95l\x9d\xc8Uu\x9a\xf4lͪ\xd2Q}T\x98F\x85R\xe7j\xa4,\xa9$1:\xfb'Ic\xb1\xce\x1a\xfd=}\xa5\xa1^1l\x9d\xce(\xb5\x94J\xb2N\xe7&\x13\xf1HOUV2a]l\xed?V\x8dh\xd4I\xa8_Vݠ\x91\tٚv\xa9pd\x85L\x8c\x16ɨ0Q\x85(ݪk\xca\xc8x$\xd3\xc6U\x84u\xaf\xfcvcwB\"\x19\xea-\x0fgZ\x9b2\u07bb\x91\xd1o{6\xf7\x8ci\x9d\xd4s\xeb\x06\xb2\xf1\xc1\x0fTE\x1b\xa1F\xc6dBcB\xb91\x91b1%\xbf\xef\xfb\xc3`&\xf2tL\x8c\x92\xcd\r\xfd\xcbկ\xfcbLHW\x17\xd6\nS\xb7UM\xb6*\xa4J\x85\xaafB&?\xef\xee\x8eR\x1d\x8f\xe4J:\xa35\xae3R\x91\xa6>&+4^OK\x16{\x9a\xac\x1b\xe8\xcb\xc6G\xa4J\x8c\x1e\xb3N봢\x95\xab\v\x99ZQ!넩\x8b\xcc\xc6ڐ\x11RUR=V\x16\xe5\x86̈́\xb2\xa2a_\xcb\xc6\a\xdf\xc8\xc6\a\x85q\xb6\xa2\xb53$\xd219\"k$\x9cu\x949#3m\xaa\xbd\xa9\x18\xa11\x12#N\xa7\xc9{\xda\xd4ca]E([\x16jd\x94L\xc3\xe4\xcan\xcdӆ\x13v\xa4?\x1b\x1f\xacj\x91V\r\x8d\xd9T\x8fQR%\x99l(Yr\xf6\xf5l|\xb0g\xab\xfd\xc7\xd7\xfa\xb2qY\x89V[\xad\x95%\xe1\x94V\xe4\xf22m#\xac\x06\xe5\fQR\x11\xb1\x93\xca骬\xb8\x9a0\xf5\xfe\xb7\xb2\xf1Xԩ&Ӵ\xac\xd3d\x9b\xd6\xf5Q-\x13\x12\xb6a\xa4\xaaVd\x9af$F\xa4\x92.\xd6ֽ\x9a\x8d\x0fn\x15\xf1\x88\x13U[\x96\xce\x1a\x9d\xa6\x94H7\xa2hL\x910C?\xef\xee\xae\x1a=\xf6\xebͿ\xf98\xc9]\xe3c\xd8\x17\x91RC\xe7Q\xaa\x9d̈́T[Ŷm1lS\x83lE\xda\xda\xd8\xd8X\x8f\x91vĉ\xb2\xcd\f\x8d\xf6\xf7e\xe3FZ\x1ax=\x1b\x7f;\xcd)\x91\xaa\xfaj_\xdfڲHӊ6\t\t\xa3\xc6d\x9a\x94\xf5xOEH\x93\x8a\x18\xe3\x85k\x9b\xad\xb9\"GqMVV\xff<\x93\xf1\b\x8d\xca\xf4_\xae.\xfdbL\x98z\xaaM\x92h\xb2Y\x9e\xa6k\xfb\xfa\xfa\xf0\x96\x89\x11c\xb5\xbcJ6Ӯ\x92\xab\xa4\x9c\x1bU3T\x89)MG\xa8a\x9d\x8cGj:7\xa9\xb6\xb6\x92S\xda?\x90\x8d\xdb\\\xba\x84D\xfa\xe9\xe6\xcd%\x98\xfc\xaa\xa1Ư\xde\xddR\"aIȺ\xad\xe2\x91db\xdf\xca\xc6\a\x95\x18mT\x8dL\x9c\xcc\xec/֭[7&\x8cME҈\x85\xb1k\x06\xa3/\xb2Z\xf6\x8f5JS'\xd2t\xac\xa6\xeb\xdbj\xeb\x9b\x7f\xdf\xfbrW\xd4\xdf\xd7W\x13i\xda\xd3յ\xf1\xcdl|0\xcbm-\xae\tח\x8d\x0fƆ\xc6\xfe\xbew\xa8\xb7&l\xed\xcd׳\xf1J*\x9c\x11\x86\xa2_\xfe2r\x94\xa6\xb1\xa8gZ9\x8d\x87\xa8Kk\xed\x88\xcc\x1c)W\x91\x8a\xea\"\xa5*9\x9b\xa5ڽ\xd6\u05f7\xf6宗\xbbb\xaco\"דղ\xa1\xb2\x19&#㺶\xae\x9aˤLi\x9a\x90\x8dkB\x9a\xba\x80E\xd2\xf5^Y\xaf\xfe\xf2\x17o\r\xa4y<\x12\x93r}}}\x83N\xaaFU+\xaa\xb9:\xacD\x9a\x98\xbc\xfaާﾫtBJ\xc6#\xff(\x93\r)Va\x9e\xa6\xa38\x03\xa4J>ݼ9\x1a#a\f\xa5\x8d2\x91\xb2\xa2NI>BJX\x11\x8b\x8cƤ\xadU\xf3\xb4\xb2e\xe0\xd5\xf55\xe9\xacM\xb5\xab\nG#2\x1e)\xa7\xb9q5j\xf4\xbf\x9e\x8d\xbf\xf2ʚ\xc15\x83\xa5ẕ4&\x95-K\x93Xm\\\x99\x9c\xb0D#[\xfa\xdfZ\xafMb\xb1\x01\xea\"M\xdf\xe8\xcb\xc6+\xc2\xd4\xffω\x93\xb6\xac\x1b\xf6\xf7}\x7f\xe8ye\xcd`\xe9\x93\xdfl\xdeR&aFdb\xd7\f~\xf1E]\x98\x86#\x95\xac\xfe\xed\xbf^\xf3y.\x92m\xb5\xf5\xadn+\xb7uwwwgFg\xaf\xac\x19|9\x95\x15\xb7\xa5\x7f\xdd\xfaQ\x19\x93PI#\xa1\xb2\x1b\xfet\xf3\xe6L\xebT\x11\x9eS\x8fm\xe9\x7fc}\xa2\xb5\xa1Q\x91n\xe9\x7fs}J\xceV\x84L\xb5\x11i\xa6\xd3T\xe9Q\x11\xeb\xd4VIQ\xf4\x7fN\x1c\xb3\xba⌮\x93\x93l\xc7\xedP\xed\xd5\xe1L\xe7\xa6\"\x12ʤ\x1a\x19rf\xb8.\x95\\\U000e77ef\xaeKE\xdbj\xeb\x97\xcb\xc2\xd8\x1a\t\xd3\u05f7f\xb0.ӑ\xa8\xbb{X\x1a\xad*\x86\x92Dڑ1R\xcej\x99f\xb9\xb3\xbd[moM\xa7\x8d-\x03\x03\xeb?\xd8\xfc\xf6\xc7[\x06\xfa\u058bD\xd4-\x91\x1d\xaa\r\fo\xb5Z\xbd\xb26z%\xd6\xcam\x19\xe8_\x1f}\xbays\xaau&\xac\x14u\xad\xd5Po6lu\x9e~\xf8\xc1\xc7\xefV\xb4q\xb10nK\xffk\xeb\x87j\xfd\xc3o\xf5e\xe3?\xef\xee\x1eZ\x97\x8d\x0fn\xe9{m}]\x8e\xd0\xfa\xd7\xde\xf8g%c\x92*\xae\xfd\x1bmF\x8c\x8c\xf1\xccK\xaf\xacY3\x98\xe5\x86\xea\xa2J\x990\xc2iEe\xad\x92\xf5\xaf\xbe\xf9ϟ\xe9\xcag\xaf\xfca\xcd`__\xdf\xdam\xb5\xf5m'\xd4H\x03~\x83\x1eK˹\xad\xad\x7f\xfd\x8d\x7f\xfe\xb5\x18\x15\xaf\xf6e\xe3]\x7f\xfa\xa2\xeb_mz\xf5_\xad\x7f\xf5\xb5\x7f\xdeJ\x95ʻ\xff\xfb'\x1f\xc4\xc2\xd6F\xa5\x15U\x9dV\xac\xd2c\xdbj\xebW>\xcfq\x86Zke<R'\xe1\xeaR\xf5\x94\xa5J\x12JӚ4\x94\xc9\xd8\x1aRn\xfd\xabo\xfc\xf3\xfb[\xb6|\xd2=\xd0\xd7_\xd1N\x8f\xe9\xb4\xf2\xee\xc7\xefD\xe3e=\xbe\xfe\xf5\xd7\xfe\xf9\xed\u07fc\xf3o\x12\x19\x8f\fv}\xd1E\xe3ҭ\x7f\xf5\xf5\x7f\x1e\x15ƖI\xb8W\xbeX3\x98Hr\xeb֭\x1b\x14J\xd1\x17_\f\xf5\xfe^\xfe\xa1\xe7C\xa1\xaa#\xf5\xff\xe7\x8fcҐ\xd3\r+\x92\xc4Z\x12\xa9Hi|\xb0\xeb\xa5/(\xaei%\x15\xf5hS\xed\xeb{}\x8dӪ\xb1\x95Ƭ\x15*I\xa9j\x8d֕\xbe\xbe\xbe5\xd1@_ߘTT%a\x12]\xb5e\x8d=a\x1aq\xee\xack\xa4䨞9\xa9U\xcfx=\x8du<R\x15\xaa\xfa/W\xbf\xd2\xf3z_6\xfeI\xad睺\xb4\xb1HٿR\tّ\xbaL\xc94\x84ʕ\x1cO\xa4\x8d\xd7\f~ѕ\xe4\xd6ũ\xcc\xd6\xf4tu\xbdٗ\x8dw\x0f\xf4\xf5\xbd\xf3O\xef\xd87\xff0<\xe4DF\xf0\x80\xe5?\xfcÚ1Q%ʍ\xcej2ՙ\xb35\x9d\xd2{\x1b\xff7+\xacT\xdd\x03olIa\xcf\xc9\xd9\xdf~\xfaaT\xceӑX\xeb\x91\xc1/^\xeez\xffݍ\xef\xfc\xbe\xef\x0fkD\xb9l\xb6\xe6B\xad\xee_\xf7VJ\xb6\x06\xa30\xd4+\x87\xadV\x8dj\x0e?:\x1e\xc9dF\x7f\xea\xee\xfay_\xdf\xc0\x1a\x95\xe8\xb1\xdf\xf7\xffa\xf0\xf7\x7f\x18\xec\xfaPW#+R\xf7r\xd7K/\x95\x85\xaa:#\xebe\xe1jk\xfe\xf8rW\x1f\xd6\xc4\x17k\x06G\xf4\xfa\xff\xabBdE2\xfc\xb2]\xdf\xdb\x1b\xfd\xfe\x0f\x83N\xb3\x7f[]\xbd\xe6\x8f]\x7f|\xb9+\xea\xd9j_\x19\xe8\xeb˒\\\xa4e-\\ϯ?\xf9՚\xc1\xae/>ϵ[3\xd8\xd5\xf5ʚ\xc1\xae\x97\xbb\xbexy\xa0\xaf\xff\xb5\x81\xbe\xfe\xd7\a\xfa\xfa\xdf\x18\xe8\xeb\x7fs\xa0\xaf\xff\xad\x81\xbe\xfeu\x03}\xfc\xff\xfb\a\xfa\x06\x06\x06\xfa\x06^\x1d\xe8\x1bxm\xa0o\xe0\xf5\x81\xbe\x817\x06\xfa\x06\xde\x1c\xe8\x1bxk\xa0o`\xdd@߫}\x03}\xaf\xf6\x0f\xf4\xbd:0\xd0\xf7\xea\xab\x03}\xaf\xbe6\xd0\xf7\xea\xeb\x03}\xaf\xbe1\xd0\xf7*\xae\xf7\xea@_\xff\xc0@_\x7f\xff@_\x7f\xdf@_ߺ\x81\xbe\xbe\xb7\x06\xfa\xfa\xde\x1c\xe8\xeb{c\xa0\xaf\xef\xf5\x81\xbe\xbe\xd7\x06\xfa\xfa^\x1d\xe8\xeb\x1b\x18\xe8\xeb\xeb\x1f\xe8\xeb\xeb\xeb_\xb7n]\xff\xbauo\xf5\xaf[\xf7f\xff\xbauo\xf4\xaf[\xf7z\xff\xbau\xaf\xf5\xaf[\xf7j\xff\xbau\x03\xfd\xeb\xd6\xf5\xf7\xaf[\xd7\u05ff\xee\xadu\xfd\xeb\xdez\xab\x7f\xdd[o\xf6\xaf{\xeb\x8d\xfeuo\xbd\u07bf\xee\xad\xd7\xfa\u05fd\xf5j\xff\xba\xb7\x06\xfa\u05fd\xd5߿\ueb7e\xfeuo\xae\xeb_\xf7\xe6[\xfd\xeb\xde|\xb3\x7fݛo\xf4\xaf{\xf3\xf5\xfeuo\xbeֿ\xee\xcdW\xfb\u05fd9п\xee\xcd\xfe\xfeuo\xf6\xf5\xaf{c]\xff\xba7\xde\xea_\xf7ƛ\xfd\xeb\xdex\xa3\x7f\xdd\x1b\xaf\xf7\xaf{\xe3\xb5\xfeuo\xbcڿ\ue341\xfeuo\xf4\xf7\xaf{\xa3\xaf\x7f\xdd\xeb\xeb\xfa\u05fd\xfeV\xff\xba\xd7\xdf\xec_\xf7\xfa\x1b\xfd\xeb^\x7f\xbd\x7f\xdd\xeb\xaf\xf5\xaf{\xfd\xd5\xfeu\xaf\x0f\xf4\xaf{\xbd\xbf\x7f\xdd\xeb}\xfdx\x97\xbe\x81\xd7\xfa_]\xf7Z___ߺu\xeb\xd6ź\xae\xeb\xcf\xceY\xb2\x8e\xc8b\xe5\x19\xedt\xa2k\"\xa6X$B<\xbb\xad˒T\xf2\xec\x86\x10\xf6ٍQ\x99\x88XX\xad\x9d\xd1\x15m\xb4\xd5)\xfe.\xe2\\\xa4\x89ܪ\xadLt\xd5\b\xe5d\x86\x88B$T&\x91V\xf5\xe7\xf9\xb3\xabd\x9dV\"\x11\xce\xc0\x15\x88u,\xac(\x8b\xad\xb8\x1f\x96\xb3\x16\xd5\\d9\xd9\\i+\x94\xa3DƔ\xe6\x12G\x9d\xa8\x8b\x86ަ\x95\x10um2i\xb5.\x1b\x11\xa7\xf8@\xaa\x13\xa9mM\x1b<\x97\x9c\x7f0\x7fk\xfe\xf1\xfc\xad\xf9'\xf3\x8f\x9eO\xcc\xdfz>\xf1|\xe7\xf3\x1d\xfc\xb3{\xf3O\xe7\x9f\xcc?y\xbec~f\xfe\xc1\xfc\xe3\xf9'\xf3w\xf9_O\xe6\xef\xcfߛ\x7f2\xffx~\xe6\xf9\xe4\xfc\x99\xf9[\xf3\xf7\xe6\xef\xcd\xdf~\xbe\x7f\xfe\xd1\xf3\xfd\xf3\x7f~\xbe\xff\xf9\xf6\xf9'\xf3?>\xdf?\xff\xe3\xfc\x93\xf93\xb8\xc6\xfc\xed\xf9\xb3\xf3O\xe6\xe7\xe6g\xf0\xad\xf9\xef\xe6/̟\x99\xbf7\x7f\xfa\xf9\xfe\xe7;\x9e\xef\x9f\xff\x96\x7f\xfah\xfe\xee\xfc\xad\xf9\x13\xf3\xb7\xe6\x8f\xcdߚ?\xf3|\xe7\xfc\xb7\xf3\xb7\x9f\uf63f7\xff\xf5\xfc\x83\xf9{\xf3\x0f\xe7\x1f?\xdf9\xffh\xfe\xd1\xfc\xf7\xcf\xf7?\xdf9\x7f\x7fq\xfb⾅\xf3\x8b\xbb\x17'\x17./N.<\\ܹ\xb8k\xe1\xfc\xe2\xd4\xc2텛\x8b\xfb\x16./n_ܻ\xb8gqjq\xd7\xe2\xe4\xe2\xaeŝ\v\x97\xf9\xef{\x16\xae,\xdcY\xb8\xbc\xb8k\xe1\xe2\xe2\xee\xc5=|\x8d}\x8b;\x16n.\xeeYܵ\xf0\xc3\xe2\xe4\xc2\x15\xfc\x8d?\xbbo\xe1\xca⮅\xcb\xfcߝ\vw\xf9\xaa\x93\v\xe7\x17'\x17w/\\[\xb8\xb2\xb8oq\xd7\xe2\xee\x85\x1b\xfc\x8d\xc9\xc5Ʌ\xbb\x8bS\vw+\xd2X7*\x13ҩ\xac\xd6ܘ6iR\xa7D\x8a\xb1\x1a\xa2\xfeT[*\xc3?4\xf8\xad\xc5\xe9\x8f\xc8\xdef\xa9\x88\xa9\x9e[\x19W$\xa5\x896\t\x99\fa\xee\xa8HsJi\x94R\x870\xbd\xac\x85Ij:\xb7T5:π\x18X\xc0\x05\xd6:\x0e\xe2\x12\xd1\x18\x13\x8e\x8cu\xc2x\x03\x9c\x90@\xe4>F&\xabiE\n\xf7%c\xb4\x91*˝(\xeb\xdc\x01\x17\xb0N\xba\x94\x10Yp\xd8\xefR\x1d\x8b\x14`\x86M\x85\xa92\xbc`96\xc7\xea\x81\xdb\x1cSEǹ\x8dS\x12\x06A_ZF\x18\x03\x17\x8d\x8c\xe0U&\x80J\xd4I\t\xc4;u\xad\xa8!q\xb2\x02-\xb0\r\x9d+ġ\xb8\xbc#\x13\xebT\x9b\xaa!R\x15\xa3\x95\xfb\xa5\xa8g\x83c\xc2ŵ\x8a61e8\xa0\x11H\xdb2U\xa5\x12\x15GfTZ餵9\tC\u0096)\xd5p\xe1h\xdci'Rx\xc86\x15eJ3#\x95\xcb\fY[\xcee\xea8\xf4\xb5\x19Qb]\x9e4\x9c\x11\t\xc2k\x95XR\x96r\x95\x90\x01J\x83\xe0\xaen\x8dPU\x12I\x82\x0f\xcb4\x05\x14\x90\x00\xa7P\xa2\fT&\x15\xb6V\x91\xe3\x94\xe8\x8a#\xa5]\rOEc6\xaeQ<\x92RU\xa4F\x8e\x92ADk?\xcfe<bk\"\xa3Z^\x17\x8a\xc6\x19\xba\x90\x8c/Hr5i\x92\xb2\xb02\xceH\xc40-U\x1a\x93\x89\xab\xa5\xba*\x15\a?cF;\x02\xa0csK\xc6&\xb8\xb4u\xdaPِ\x18\xb1:w\xb5Q-c\xb2ґ\xadk\xe5jc52\x84\x97N\xc6j2\x86/\xe60\x9cy\xdd\xd5\f\xc1\xa8\x18\a0\xa5\xb1)\x95\xf1\b\"8\x03l\xc9Ʃ\xb06\x15\r\x82\xe7a\x1a\xb8G#\xe70\x1d\xc3\x14\xebܸ\x86\xceMT\x96\x06\xeb*\xcb3\x84\xc7VdY\xda\xf8\x00\xf3[&\xa9\xaay\x96\x91Q\xda\x11V\x93i`L-\xc2qK\xe3Έ:\xa6\x16\x86p\x04P\x8b\"a\xe0pW\x85\xb2yF&\x13\xfc]\xe3jX[\n\xa8\x8b¢\x01vD\xc9\x16,V<\xb8\xfd\x15v@\xd9\b\x95\xe4\x16h\x8e\xae\vU\x11\xa9%C\"i\x88<\x91\x1a\xb3e\xc7j2%`\x15\xbdx\xc1$\x16\x96l\"dڈk2E\xb0$\xdc\xd6<\xa9\x92\xabi,\x01\xe9\xac\xc2C\x97\x8d\x16I\xac\x85u1\xc08\xbc \x01\x11\xb1q#Ɵ\xa4\b\x00\x8b\x85e\x1d\x19\xc34\x7f\x9e\x13\xa9LR\f\xb7^\xa6\x15#ꄰ\x12;\xcf\xe9T֥\x8b\x05V\x87\x1c\x95)\xdc\x1e\"\xe5\baC\x9d\xb0z\xc8\xe9<\xae\x951\xceF7D*\xec\b%c\xf0b\xacTX\x16:\x1e\x890\x12\x15!]\x8dg\x14\xdeUCW*dl\xac3\xc2`&ulq\x91\x961\xd3\x1e\x95Ӊ0\xc0C\xc4Vm\x9c\x817%\x94\x86\x8b\xa5U\xacs622\xc1\x81C\x9ba2>Ī\xab\x89,k\xe88\xce\r`\xcc\xf5\x15C\xb6\xf6y.\x1dƠn\xab\xd88\n\xdb(7e\xa1*\xb8%\x16\xb0\xad\xf1X\xe5N\x0f\x1a\x9d;\xeaA\xfcU\xc7&\xa9H%\xd2\x7f\x83\x95cS\x99\x90ә\x8c\xcbF\x8f)\x91jE\b{\x95\xcdR\xe9\f\x10\xcaOq\xbdD`)\v\x13\xd7\xe0\xfc\x10\x90>\v\x98\xd1&:/;a\x1b*v\xb5\xbc\x8e(\\\x8f\xc55I\x95\x06\xb6\x81ң\x94\"d\x1f\xb4dF)WN\xa6@+\xed&\xec\xcbͰ\\p\xbc\x1b[\x19i\xfc<\x17\xa9\x1b\x931\xf5!\x02\xdf\f\xb3\x99\tE)p\x17k0\x15Ė\xba&+0\xe6\x1e\x04\xb5)\x89\xc4\x02\x92\xb3\x02\xe0\x84\xab\x91%x\xae\xb0\xe3\x8a\x1fډ4\xab\t\xfc\xd3\x01b\xb5\x06/\x03\x00\x17\x1bL֭H\xc9\x02\xeb\x85\xe16\xd8ݪ:\xd4[{u\x18SV\x85\xd3\xdd[\xcfS\a\x88\xc6$\x9f`sZ'T\xe2\xf4\b)\xabS\x99\xac\x06\x00Z\x06\"\x02\xc4\x0fW\xa9T\x9c\x91X\xdeiʈo\xa3\x12\xf05\xe5\xb6Ԥ\x8dz{\xbb\xbb\x87E\x82\x00\xad\xda\xc8ܻ\xb0\xf2\x88V\a\xdf\xc5b\x05\x16\\\x8a\x8d\xb6\xb0\x8e\xca1\x94[\xd6\xe3\xa5al\xe2$%1\n\x10C\t\u0ef6\x9a\x93uC\xbd\xb5׆\x8d\x060Lb\xb4\x81\v\xac\xe5\xb3\x03.M\x12\x1b\x9c\x1d\xb2\xaa\xac\x18\x13\x86\x12\xa1b\xcaj\xc2\xd20\x10\x19R\x9f\xfdv\xf3/\x7f\xf1\xea\xbaA\xf8\xba\xe3\x9faQ\xa7\xc2IEj\xabn\x00+\xed\x11\x88\x1al]\xba\x1a\xa0\xb7\b\xd81\x9cw2R%R(1Z\x1a\x06\b\xa0\x18\xf5\x02\x9ah\x13\xd8\xd3\xccHm6\xe3쁗i\r\x8c\x02pb\xbbUdl\x1eR\xeb\x8c\x14)v\x8a\x118r\x86zk\x03â\x9c[\x12)\x19\xc0\x8aF\x94\xba{{\x7f\x17\v\x93X\xe0P\x16\xc0\xb1\xfd\x04\x9bؙ\xdc\xd5p\xe6)\x80\x13\xffh\x85T\xaeN\x00Kt.\xd9¹\f\xa1Q\xd9H\xaa\x18=V\x1a\xae\x922\xe4L\x0e\x1b\xabG\xec?\xe1<\x7f\x0f\x96\xa1G\x91Ôt\r9ӈ\xfe\xd8\x05D\x12\x88\xb9\x8d\xb1²TH%\x92<u\x9fc\xb0\x9da̰\xac\r\x80\x7f\x1b\x8b\xdc\"L\x05.\xe2\xb0*I\x9a\x01\x84T\x8cg\x03ӳ\x9b\xb0\xb1c\x9d\xa7I\x15\x16\xddʄ,\x00%\x00\xa1\x94bR\x92:\xb6\vN5\xd8Si\x19\xdeNr\x98f\x1a\x17\xb6br\xe9\x00\x8f\xac\xfdӟ8P\xc9J\xc3]\x98<\xc0\x12%\x1d\x93PCe\xd3;\\I\xb56\x16\x98\\B\x99\xabE>\x03\xa0Fl\f+\x8fl\x03\x83\x97\x83\"\x95U\x95\x90H\xed\x18\x9e\nO;\x98\x9btC\t\xf0\xb5\xadç\xf9H[\x17\xf5\xf4\xf4\f\xf5\x8a\xbaV\xd52^\x1aI\x90HiE\x83H+$\xb10\xa6\x91\x18Qq\x86*8+\xaa\xf4\x19\xf2 =u\xac\x8d\x84R\xd1H\f\x89z\x86\f\n'\n\x86z\x9d\x19\x06\xfcc\xf1\xf0\x91Ȍ\x84\x01B\xa8\x9b\x92\xa2q\x11;\x80\x06\xb5X'dq\xe0\xc6\xc0\x9a#KT\xb7\xe5T(\x86\x86m\xb4z\xa0\xaf\x0f z\xf2\x19|\b@\x9f\x96}w,\xa1\x11<\x81\xe5͈}\x9e\x00\x04\x18\x1c\xc3q\x92\tci\xf5\x9a\xc1R\xf46ܣT\xaa||\xabVd39N)@\x9e\xe15\x83\xb2\xb2\xba\x1bF6\x11\xa32\xa9ic\xe9=\xb8VFH\xe4]\xc6\xc9n\xc1QIu\xc2\xcbP}\xb8,Li\xb8ǚx\x83\x83e\x10\xa9\xdbP\x8a\xe1\x1d\xd6H\x99\xc6\xc0kl\xfa\\\x9eI'\xd2\x06\xfc\xb0\xac.q\x9e\n\xeb\x18\xab\xb6\xb0\x1d=\x86,!}@)\xf0A\xdb\x1b[ۋ\f\xc4 R\x14ֺ\xbcR)\xcbrJ@\xf6-\u0ffe\x11mH|\xb1f\xf0\xe5.\xa0\xfa\xf6\xf3\x9cr\xda\x10\xfd\xf1\x8bA\x80,\x831R*\x7fD\xfc+\x90l\x8a\xf1\xbe\xd2H[Cz+2\xd8\xcfpR-\x90\xe5RCԴ^\x03\xb0|#<Pd\xab\xecPo\xad\x7f8\xa1r^\x05\xc0\xccQ\xfa\x06\xc4,\xf6\x8b5\xab\xd7\f\x02\xe8\x1c\xcc`U\x00)Z\xe4\x17l\xdf\xf8\x1b}}\xc8\x1a\x94\x18\xc7-\xe3\xe8pb\x9cl]\xc6F\xc3{K\xbb\xbb\x87\x87z\x01.[\xebh\x94\xba1yXR=_\xac\x19\xecz\xa9\x8eM\x12\xad\xee_\xb7\uef4d\xff\xdbP\xaf\xd1U2\x15\xc0\xfa\x9b\xb0g\x06\x00\x98\"\xc9c\x81$\r\xd9X;\xe7\xc8:;\x80gI\x8cT#k\xa2?\xfd)J\x81\f\"\x9b\x93\xfe\xa2\xef\xd5u\x83QE\x9b\by\xbbd\f#\x0e\x037\xb8U\xac\xff\x7fﰲ\xae\xd5\x10\x90{CY\xda@\xda\xc3\xe6\xf0\x00\xe0\x9de\x0e\xe7\xcc۰\x9dk\xa2\x9fo\x88\x12C\x16\xbeEf\x8d\xd6u\xab\xd5\b5\xea\xba,Sd\xd4z\x00cG\x19|\xe7J\xaeT\xc3\x19\x82ݨ\xf7\x96\xfa1\x1ccp\xc83aD}\U000d635fn\xc1ڊd\x92\x90Z\x1b\r\xf4\xf5\x03N肃\xdb3*M\xee\xa1Tg\x84\xb2c\xdaX\x87\x04\x18\\k\xad2\xec_\xec\x99.\xdd\x1d\x8b\x18Y\tN\xb5X\x9c\x94\x91\xb0R(\xa0.\x7f\x14\x89.\xd3+\x98L\x99l\xe8\xefÁ0\x88t]\xd43\xd0S\x97H\xa2\x95\x00{\xabX\x8b\xb8\xb6\t>W\xd9\xe41\r\xe0I\x7f\xfb\xe9\x87k\xfe\x01\x7f\xf9\x13@l\xb2\x88Rk\xd8\xe2\xfd\x03}\xa5\bG\xacsf\xf8\xe5.\x1c\x10\x1b\x12IU\x8d\x1d\x1fY\f8lg\xd7/*\x95\xca`i\xf8C]\x85\x87Wr\x86\x84\xb35\"\xb7\x06\xe8s?\uf154(S\x1epN)\xc1T\xecD\xaa\"\xc6 \x96\xf0Ҝ\x1d\xb2\xdde=ޝ \xd0\xea\xfae\xea\x06\x81\xbc\xda\xf5\xaf\xbd\xf5\xcfC\x89p\xa2\xdb\xe4F\xa4\xc8<E8 \x93\xb2\x18\xe1P!\xb3\x1b\xa2Ri0\xabe\xa5\xe1\x18\xa3֏\x8cD\xd9H\xa1\x00\xa3kX\xc3\rzÿ\x1ax/\x825\xaa\x8bF\x99\x86d\xbd\x1a\xc9z\xb54\xbc6\xaal\xb5\xf8[T\xc2\xf8}\xb4Ego#cWR4\x966\xde\x11ʎ\xc4ۈ}e\x99\xc2W\xc6&y}\xb8\">/\ro\xabuǪ\xbfo\xcd`Ww\x7fi\xcd \xbc\xf0\r\xc8\x16Zg\xf2\xb4\x01[b\x01&\r\x0e\xbf\xdc5\xf4s\xeb\x88\xd2\bI\x8f\xda\xc0\xf0\xcb<\xfb\xd1V\xc4\x12\xd8\xf1\x11f\xab\xe7宗^\xee\x1a\x13)\f\x99\x1d\xb19\xccM\x82TG\xb9;\x95#\x0e{\xab*+\xa5\b9Z\x9b\xe0ш\xac\x93\xb6\xf6\xb9\xccl\xae\xeb\xd2겡\x84lB\x9c\xdbq:\xd16\xcb)!\xe0\"\x96\xac{v\xceIRT\x13\xd6\t\xed\x8cf7\x9e\x12\xad\x12R9\x8d2\x8eb\xf0h\xa2.m]\xd7i\xab6\xf5\\%Z|\x9e?\xbb\x01T\xc5\xdagwR-\x1ay\"*\x84\xf4\x83Np1\xe5\x10gj\x9b\b\xa7\xadvFX^\xc1\xc8\xd1jQ\xd3F\xa4yU\x18\xc0\"\x86\xac\xf3\x00\x88u\xa4\b\x06\x9c,0U<\x9f\xb0\x99xv\xc3\xe2Y\x84\x15i\x9e0h\x83\xe8]\x7f\x9eKR\xf0\x17m\xa6\x13lX8{d\x9e\x9d\x1b\xa5\x18o\x1cK\xb3U[\x86m\x84\x81g%\xaa&\xcft\r0*/\x03G\xaa\xaaE]Vu\xac\xad\xb0\ni|\xb8f\x84W\x15B\x1aBjM2\x0edk\"\x96\xa2\"F5\xd2GR\xa7\xb2l(˕\xd3圔\x86wmD\xd9\xc8\x14\xff\x14\xf0\"u]\x98mڊ2\x828\xeb\xe0cTu\xfc\xecN]\xe3%\xf5V\xfc3#\xf3l\xb6\x86\x8f`\f\x1a*W\xb1\xa8\xe7[Ɍ\x8aT\x9bJ\x8e\x83D\x96\x8d\xae\xe6\xd6\tY\xcdE:\x8aq\x89\x85ն\x9a?\xbb\x01\xb8)\xd1V\u05f5\xc5\xdaҹu\x94\x00\xb2RJ\xc75*\xe76\x16\x15\x91:A\xb9\xd1\xd6\x12\x9cQ\x19\xd7t\x9c\x1b\xab\xe3\x14\x0e\xa4\xb0¦\xf4\xec\x8e\xcaR\xb1M\x03X`lʎ\xe2\x99E\xa6\x1bz+\xde\xd2\x19\xe1p\v\xa7cC\xc2p\xfa\xa8Fumc\x18\x91\x18_\x03\xace\xb5IHaѨg\xe7\f\t\xc0\xc5:\xa3\xc4\xe8\x98L̏+\x10K\xa6X\x1b\xe6٬\x93i\x9c\n\xa3\xb7jS%\xb8ɔiE\xc6\t\\F$\x92\x10k\b+\xab9Q\n\xfb/\xab\xa9\x8e\xf1np\xb2l]$\x86\x10\x1d\xfb\x01T\xf2\xd9m\xfd\xb9\xbf\x87\x15\b\x82b]\x03\xa87*\xc5V\xcaD9\xd5Ϯ\xe2\xcc\xc1\x927$\x95Nh\xab0\x15\xad\x12\x1d\v%R\x9cȔ\x12\xc2`\x91[\xc1sX\x17J\xdb4Wd1\xc9vT\xa6\x187\x95hD\xd8\x068!/$\x81'\xd5iJ\xa3\"\xc3S\xe5J&zTԵ\x05\xecgE\xbd\xac\x91\xb4M\xf09)\xe0\xdb\xf2^\x106/Kc\xa4\xde*F\xe5\xa84\b\xe2t\\\x93\xb1\x10i\xfa\xec\xc6V\x8d[ɸ&\x88\xf7\x14L\x81\x15\xa946\xa7\x14O\xa0m\x85\x11\x1b \x8c\x98n~A\x8ccU(\xaa\x1a\x8dY\x15\xb5\x1c\xa8\xa3\xa8\n\xac]\x87\xb3!%iSa\xcb:\x05\x84\xf9춮\x89r*R<г\xed<o1x0Ua\x94v\u008e\xe2\x8ax\xa0s\x98i\x91\xe8\x14\xab]lհ W\xb1:\xb1ٱO\x8c\xd48\x94\x04\x1cf]\xc1\x83\xe3D\x145]\x15\x06\x96Ŧ\xc8\xe8\x8a\xcfsJ\xeb\xb9%\r\a\x92\xc1T\x84\x15\"\x89%\xa5\xfc\xfa\xba.)\xd1U\xa1\x84\xb1\xb0%\xe40\xacT\xf6\x01\x9b`\xa3f%9\x8a1e\xb1\xc63牰\tY\x02|\xb3U\xe3o\x02\x90\xac\xfd%b\xd5\xc1D㔎u\xbd\xae\x15\x9c\x9e܃j\xb6\x0e\xb3cl\xc3\xe2\xf1\xf9\xb8(\v\xa5\xc8\x18b7<6:M\xf3\f\x81o5\xd5e\x91\xc2\xf6\xe4\xf5\x8aL\x1d\x19\x95\xd7˰<pk\f\xd9<uY^NelcC\xa4\xe2\x9a\xd6\x16\xeb\xbc.Rg\x04HB\xd6\xe6d\xad\xceMLN\x18N\xb2\x1aF\x9c\x92<%v%\bT\x9c\xb8\xc6\xf0\x84-3\xe8h\xa8*50\x10J+V\xc7R\xa4x\xceQ\x8au\x9aו\xc1\xdb'\x15\x8d\x88\x9b\x01\xc3a\x92@.R\x02\xf3\xa8\"\xea2mT\f \xf0T \x18\x17\xb9\xabi\x83]\xec\xc8\x10\xa3cy\xbdN\x86#s\x83ѥ\x84\xff44\x9e\t\x95d:\x95q\x83\x8f\x00\x87(\x1f[T*等\xcd\xc8X\xadR9*U5\xe1\xe0\x92\x81.\xcb \xa1͕\xfc<\xa71\x0e\xd73\xd2YJ\xd8xՆ\x12.7\x98\x1f\x13\xd7*\xb2\x9a\x1b\xf0\x8c\xa4\xaaƼ\x92t\xa5b\tȧ#\x03\x00Q\x8fټ\\\x97ΐJ\xc80\xc8j\xf3,\xd5\"\xa9\x91H]\rH\x8dN\x18\xe0\xb5\x16\x83\x9eVr\xbe~M$z,\xa1\xb2pĘ\xad\xfdMy+ŎaA\xeb\xd1ޔD5\xa7\xb8f\x98\xb7U\xcfRR\xdaɘ\x18*\x05\xba\x85\x00\x82\x84\xd5\xca\x10\x82\x0e\xbc\xab\"\xfby.\x00\xe49\xd8\x1c\x00l\x16\x00$f\x10o\xc1\x9c\x16$\xaa\x1c\x99\xf7\fG\xd9d\xa4N\xac\x03\xa4`(#\xe1>\x84\xcdQ\t9\x80R\xda\xd4a\xb6\xeb\xf0\xe0)\xce\re\xc2ZJ\x9c\xaeVSb\x18\xda&\x84\xec1֭\x8cc\xe9$Y\xeb\x10S5p\x92\x8d\t\xe7D<\x82\x9f\x90\xab0\xc8]c\xdf\x12\xec\xa6Ұ\xceHQ\x92[\xaa\xe4)\xef\xe4\x06Ǫx\xf7\x04\xf3\x1e\x1br\x96b\xad\x12X\xa7\xaa\xc7!-\x8dǔ\xc1\xecc\x04dUQ\xc28\x88\xa5J\x85bǐ\xb8G\xb8\xad\xaeTdL\xa3\xd2\xe6\x82y\x1eڌbeҧ<b\xd8\xe6y\x1d#\xc31-\xce\xe18&k\xebں\xb4Q\xe7\xc9(Ep\xfe\x00ʐ\xab2\u0083=\x85\x05dF\xa9Q\xa6\x8a6d\x1b\xf5\xb2N\xeblhlF\x14\xd7\xea\x1a\xbbU*\xe6\xdb\t\xac\x96M\f\xdei\x9ee\xc6sm]&IJ\xef\"\x03\ts8\x06\x00\xb3*\xe2F\x9d\xf78)\x9dWk\xb10D\xecl\x93\xd1FV\xa5\xc2s\x8b4N%\xeeE)\xc5\xf0\xc5\x13]\xe7\\A\xc28\x19\\{p_\x04\x9e_s>\x95\xd7O\x83CĄl,2x\x1a\x16v 7q-!Xj\xc3k)\xd6F\x11\xc0\xb8,wu\xaakӐ\x8cL\xf2^#\x86\xee\xed\xc7l[\x92\x1c\xf6\xc1\xa3\x89\x9c;\xb0`}Q\x02\x97\xc2\x03K\x94X\x99\x8e\x92\xa9\vS\x05ڞ\x92\xa32\xef\x1d@y\x96\x18㴿b\xdb\x05L\x16\x91\x11\x90\u0558Ǫ\xcc(\xab\xd2cFd\xb1\xc1\xecy,\x8cT\x15\xeb\\T\xc85\xe2\x1a\xa3ؙ4\xd2u\xfb\x87\xc8`o\xeb\xa0\xfcT\x15QB\x89ɭ\x95\"KIX\xa2q8\xf6\x9bc#3W6\x80\xc7\x18\x0eDTc\xaa\x94H\xecT\x00aX\xf6x\xc7nF\x11\\\x8d\xb4i\xc4\x1a\xc0\xa5\xe05\x80L\n%\x00W(\xd9\xc4c(뙈\x91D\xce\xd3D\xa4\xe0\x17\xa6\xba\xaaKQY;\xa7\xeb\x18\x93\xd2\xf0\x9a?\x02\xb5\xc9\fU\xe4\xb8\xe6t\xc1\xfb\xbc\xce{@\x8fY\x1d\xeb<\xc3\n\x80\x7fQ6\x18\x88T\xe4*\xae}ʖ\xd0\xf1\x1b!\x8f\x81}\xee\\J\t\xaf\xff\xb7y\xa7\x97I\xe4\xae\xc1\xd00\xec[U\xbb\xcdl\xc1\x04,\xbd\x11)\xafh-\x12<\xad?\x118\"v\x98AC\xf8\xcdGl\xe1\xf9\x14\"\x9b\x03\x9e\xdf\xccg\x01\x9by\x8b'\xa0䗪l\xb3A\x80\xfa\x968\x10\x8fpT\xabd\b\xb0m\x84\xfc\xb8\xe4|͆\x92\xa8\x8bmZa\xb5\x18%\x92QfO \x1aZ\x1fm\xa9Q\x94H\x91\xea*\xe7\xa5\xec\xdb\xef\xfeꃏ\xa3\x8fh\\\xe2\\\x16\xc6٘\xe3\x81\x1a[f\xc1!\xc5\a|\x17a-9\xfbn=\x93\x866\xb3-\xa5\n\xa0\x98D\x1a\x8a\x9dO\vԅ\xcaE\xba\x99\xf7EOW\xd7o\x14\x83:\x94 d)\r\x7fR\x93\xa9\xcc\x18̲5f&\xc8:\xf6\xd3o\xd8J\x18\x1e{^\xc4V1\x9e\xb8\x19\xbf\xb4\tU\r\x11\xe0۴\x11\xad\xa6\x9ejO\x99j\xe0]h\xac\x93TW\xab\x94 \x0f@\xcc\x02\x1c\xea\xe5\xac\x13C\xbb\xce\nk%\xbf\x95\xb4>\xfd\x94\xbc\x8a\x00\xffOp\xe9\x12\x01\xb45n \x03T'\xc3\xdc\u05f7\x8d\xd8&S+`\xedy\xfd\f\x97\xa9\xa1U\xd2\xcd\xf8?\xacS\xe6\xf84L\xe0\xcf(zOkGpy\xc9\b\x06D\xba>\x83\xc9.1\x02\xcbv\xd8\xdaR\xd4;\xfcrW\x0fGc\x9a\x99\xa9\xf8\x1f\x99ߌW\xb4I\xf0|d`\xcd\xe4(\xef\\Ua\x96\xd5;\x1e\x8eE<Z\x12Y\x86ӌ\xc6]i\x98\x93\x8b\x16\x1c\xd7\x11\v\x060\x87`1%\x02\xa7M*TC+\xdaX1\xf0\x121lp\x82I\xb9O\xf8\x84\x1d*\x9b\xa8wx\f\x87\x8b\xe1,\x1d\xe32\x94\xfc\xe9O\x80\x85\xf0\xfe\xa5a\xe9O\xb1\\!7iDV\x1a\x06\u05c8\x92\x98\x94\xcd\xc1\xd5\xcdaCD\xac\x15\xc3\xfc\xb6\x1f\xc8\xe0\x9f\xf8\xf8\xc1\x18j\xe7\xb3)% 7\x94\xf0I:\x887\x11|\x96\x89\xb4\x9fs\f\xf8I\x9e\xc1\xc1\x89\xa9\x92j\xe1\xd63\xf0\x10qƫg#\x9f\x02\x9cX\xb2֧\xfb`7\x92\xf7=\xb8\x0f<\xd0\xfcv\xcb{\xddo\x958\xf5\x18\xbdͧ@O\xf4;\xe9jH\x14J\xcdx\xb1\xad\v\x05n\x90\xd1\x15\xe9\xb6\xfeo93U\xb0>\x19k\xb1e\x18xW\x11\xc02\xabZW1\xe3ؚ@I\xa2?Jk\x04\xa5V4\xd8{\x89eB@\rK\xc35\xb6\x18\x18\f$\xf3\xb0\xbf9\x85d9\x9f:\xc8Ð0\xf8:dD̻\x1bs\xd8\xdd\rfk&\xc0#\xb74\x0e\xb6HnH䌆E\xfd\x9c\xcd\xd0e\a|\x1a~\x9a\x15\fu\xad\x8d>P1\x80\x12J\x1a\xbc\x83\xa2\xb4adl9q\xdc\x03\x8bN\tg\x84\x1a\x9fa\xb1\xf6\xbc\xc7\x1e\x1d\x80kJ>\xe2\x133\xb5\x14\xc9\xca'쳹܌Pc\xcd si9\xb4\xae\xb2o\xc6\xe9e\xfb\x0e\xfb\xc0_Pj\xe9\x8fRY2\xee\xedTW\x87z+\xbc\xc29\xb3\xd9Sa\x7f\x98s\x14v\x88\x91^$n\xa2\xbëj]T\x8cLD\x83C`\x93\xe84\x15\x86\xfd\x93\x84\xf3q\x16\xac\x19\xa9^g0\n\xa0Pi\xb8\xac\x11\x97\xf5\xc0!Z-F\x85\xe3\x18\xc0Q\xf2\x19\xbf\x12\xaf\x04\xcb{Sp\xa6xm\x85O7\xf6\xbe\x98\x8bN\x863\x00\xabyw\x98\xcd\xec\ab\xed\xe2\xcaI\xa34\xdc\xf5\xf70v[j\x98fKHsn%c\xa9\x01.\xfbP/R\xbd\x95\x06\x8dgd\x9cT[s\xd3\xe0\x14\xee\x86MlE\x19\x88\x8b\x04gX>c7\x0eiX\x91\xc0.\x8dR\xa6\xe3\x11r\x9co\xe9\xda\xcc\xd1A\xf4\x0e\xc0\xe0\x18\x8e\x89\xe1̿eD;\xd9\b\xf8:2\b\x90\x1aI'\xbf\\\x1a\xaek\xc3\xcf\t\x83\xc7\xd9t\x8b\xb09\xb7\xccG\x00H\xf9\xfb?\f2\x0f\xa1\xa7\x9aK'LE*0]\xf1\x84둝\xa5\xe47p.\"\xa45J\x91\xb0\xc0\x7fx\x92\xed\x98L-\xa2\x18ͣ\x94J\xaa\xd81x\xab\x9b|$&\xacL\x1b\x11\xa7\x847\xf3\xe9\xd3\xd5\xf5\xbb\x9aL\x9dh\xa4\xda0;`\xbd!\xab\x8d\xab\x18x'\x8eG\xaf\xb4&\xfa\x87\xa8\xc43>\\α#8\x8fk?\xe23\x1a'\x0e<Ɍ]@\xd8d\xa4\xa9JãL;\xe0\x18\xd8p.3\x8a\xe1\xac \x12t\x80\xd6\x1c\xfb\xf6YFj\xa8W\x89\xd1\xe1\x11\xa1\xac\xb0\xb0\x1b\xa5aNM\xdb\r\x9c\x1f\xe6\x84pT\xe3\xab\xf5\xf9\r\xdf\xd5\xf5\x81\x8a\"\xa6I|\xa2S;\"\xbby\x10\xb7j\x93\b\xf56\x9f\xf8\x9c\x1b\x8c\xbay-\r\xb0\xcdA\x8dDi\xb8\x8f!\xd7߰\x95\xebf\xf3TǺ2\x96\xb0n\xc1g\x8c\xfax;FL\x8e\xb0\x1c\x1d\xac!\x8e\xfe\xe0}K\x03n\\)\x8a\xf8\xbb\x96\xaf\xdc͛\xdfP\xf5\xdd\xf1l=\xa7TQ3!\x15\x82v\xa9\x98\xc8a9\xaf\xf12\xa7\xbe\xa3\xae\x97\xb0\a\x87A\x0e{i\xa8\xd7%\xc3]\xfcۮ\xb2\xa8\t+\x00\xb1ȴ*R\xaa꺨6\x84\xc9\xf8\x1d\xad\xc9\xec\x88d\xc6\xcc\xd4\xd2̍\xd6W{\xda\xd3\x13K\x8f\xbfl?ܾ\xf2ñ\xa5\xa7\xe7Z\xdbo.\xcd\xdch\x9ezܚ:\xba4w}ifbi\xe6Zs\xf2z\xf3\xf0L{\xfa\\\xfb\xc8\xee\xe5\xe9\xd9\xe6\x99S\xcd\xc37\x97\xe6.\xb6N\x1fl\xee;\xd7:q\x7f\xe5\xc4ݥ\x99kK\xb3\xb3K\xb3\x97\x9b_n_\xdes\xad\xf9\xe0\xf6ң\xedK3ߴ\xce^l\x9f\xde\xdf|pq\xe9\xf1\xe9\xe5\xed\xc7\xdaw\xe6Z?\x9ek\x9d\xde\xdb~|\xb4\xfd\xc3\xc9\xd6މ\xd6\xe9\xbd\xcb7w-O\xcf\xe2\xbeOw\xe2\x91~\xf8\xae}\xecJk\xea\xc1ʥ\xafV\xce\xdd\xc3\x17'&[\xfb&Z\xa7o\xae\x9c\x98^\xf9\xfe\xeb\xf6\xa9\x99\xe6䝥\x99\xfdˏ\x1f\xb7\x8e\x9cn\xdf\xfd~\xe9\xf1\xd3\xf6\xb1+ˏo.\xcd\xddo\x9e\xbeҞ}\xba43\xb7\xf2\xfd\xd7\xcb\xf7v\xb5\xbe:\xb9|y\xf7\xca\xf7G\x9b\xa7\xbem^8غs\xa5\xb9\xfb\x00\xee>w\xbau\xec\xfe\xf2\x89\xc3\xcdݓ\xcd釭CW\x96\x0f\x1ei\xce\xech\x9e\x9emݟjm\xbfپ:\xbbr\xe2n\xf3\xf0\xd1\xe6\xccΥ\xb9\x89\xa5\x87S͋\x8f\x9b\x87\xf7\xb7\x8f\x9dmݝk\x9ez\xd2\u07bb\a\xbf\xbd}\xbcyiG\xeb\xdbӭ\xbd\xfb[\xa7g[_\xddZ91\xd7:=\xd1\xfa\xeaV뫇\xcdG\x87\x9b\aN,\xcd^o\x1d>\xb2\xf4\xe4\x14\x1e{\xf6P\xeb\xd4\xdd\xe6\x85o\x96\x9f\x9e\\\x9a\xb9־3מ;\xdb>{qe\xfb\x97\xad\x99\x99\xd6\xd4\xe1\xe6çͣ\xfb\x9a\x93\xf7\x97\xe6\xbej\x1e>\xba|\xeeJszos\xf2J\xfb:Oǣo\x9aG\xbf^~zj\xf9܁\xf6\x8e\x87\xcd=s\xed\xbdS\xad3;\xdb\xc7\xee5o\x1cY\x9a\xf9\xaa}\xfc\xc0\xf2\xf4\x93\xe5\xe9s\xcdɃ\xcbw\x1f\xb6\x8e\x9f\\\xde\xf1cs\xdfw\xcdɋx\xec}W\x96\xe6\xbeZ\x9a\xbb\xde<\xbe\xbb\xf9\xe5\xf6\xe6\xc1o\x9a\xd3߷\x0f\xddj\x9e\xbe\xb24\xb3\xafu\xefA\xf3Ҏ\xa5\xc7Ǜ\x0f~l\xcf\x1dn\x1f?\xb9|eb\xf9\xe6\xa5\xf6\xdc\xee\xf6\x85'\xcd\x03\xb3\xed\x93s\xcd\xc7\xc7[\xa7\xaf\xb7\x7f8\xb9rzb\xf9\xd2\xf6\xa5\xb9\a\xad\xef\x1e\xb5\x8e\xddl\x1d\xd8\xde<\xf5x\xe5\xe4\xe4ʗOZ\x87.6O=nN\xdfo\xce\xcd.O?i\x9d\xde\xdf<\xbc\x7f\xe5\xeb\xc9\xe5\x9bs\xad;ǛO\xf6/=>\xd8~<ݞ;ܺwhebok\xff\xd5\xe5\xa7'[\xdf=h>\xfe\xb2\xb9\xf7`sjw\xfb\xf6\\\xebП\x97\xcf\x1dh\x9e\xfanifvi\xf6B\xeb\xeb/[\xa7'\x9aG\x0e\xad\x9c\xbd\xb3\xf4\xf0\xc8\xd2\xcc\xc1坏W&\xbeY~\xbag\xf9܁\xa5\x99oڗ\x8f\xb6\xf6M4\x0f\xdf\\\xde\xf9xy\xfaI\xf3\u009e摩\xa5ǧ\x9b\x17.7\xa7\xef\xb7/<Yz\xf4M\xfb\xbbc\xed\xab\xf7\x97f\xbe\\\x9a\xf9\xa69yee畕s\x0fۧ\xa6\x97\x9f\x9e\\\xd9s`\xf9\xe9\u05ed\xafo6\x1fM4/\xefo\xed\x9cl\xee\xbe\xd7>voy\xd7\xd1\xd6W{\xb0\xae\xbe\xdc\xde\xde{\xa093\xdd\xdcw\xb5\xf5՞息\xb0\xbaf\x8f\xe0\xfa7.5o\\Zz\xf8]\xf3\xf4\xad晉ֽ\xc3˗\xa7Z\xfb\x8e/\xdf\xdb\xd5|p\xb1}e\xff\xf2\xa5\xed\xad\xdb;Z\x13\x87\x96\x1eN\xb5N\xdcoN\x9cl\xee;\xbb\xbc\xf3\xf1\xd2\xcc\xdc\xf2\xa5\xed\xedS\xd3ͽ\a\x97\xef\xedZ\x9e\xbe\xd9<{\xa89\xb3\xa3\xf5\xd5\xc3֝\xe3\x98\xd3Ƿ[\xfbO-o\xff\xbay\xfeV\xeb\xebCKss\x98\x9d\xed\x17\x9b\xb3\x0fZ\xc7o\xb5\x0eN\xb7\x9f\x1c\xc2n\xbd\xfdx\xf9\U00065979\xfd\xed\xb9\x83K\x8fw\xb7\xbe\xbe\x89\x11\xbb\xb7\xbd}\xec\xec\xd2\xec\xe5\xd6މ\xa5\xb9\x8bx\x97\x9bgZ_?i_\x98\xc5B\x9a=\xd5<x|\xe9\xf1\xc1\xa5\xd9\xd9\xe6ѯ\x9bS\xbb[\xdf\x1e\xc1\xf3\x9fz\xd2:1ٚ\x99i>\xb8\u061c|мq\xa9}\xecl\xfb\xce\\s\xeaD\xfb\xf1\xd1\xe6\xe1\xfd͙\xaf\x9a7\x8e4o\xeen\x7f\xb7}\xe5\xfb\xa3X\xb7\x87.7\xa7\xee\xe3\xbb\af\x9bgg[\xa7\xaf7'\xaf4O=n?>\xba4\xb3oe\xcfA\xbc\xe3\xf5\xebK\xb3\a\x9a_\x9dn]\xff~\xf9\xe9\xa9\xe6\xe4\xc5\xe6a\f2v\xc1\xec\xa9剝\xcb7\x8f7\x0f\x1f\xc5R<\xfbpy\xfa\xc6\xd2\xdcE,\xc8cO\x9b\xb3\xa7[SG\x96ffۇn6\xbf߹r\xe9dk\xe6f\xf3\xc8\x01\f\xe3\x95\xdbK\x0f\x8f4\x0f\x1f]\x99ؾ43ќ\xfe\x06sw\xf8(&\xfd\xcb\xed\xad\xef\xf64\xf7\xec\xe6\xdb\x1dZ\xbe|\xbe\xb9\xfbN\xf34\xb6$۴\xfdKs\x17\x9b\x87\xf7-\xdf=\xbf47ך\xfajyb\xb29\xfd}k\xea\xc1\xd2\xdc\xf9\xe5sWڗo6\xa7v7/\xdeY\x9a\x9dm\x1d\xbf\x857=6\xd1<6\xdd\xdc3\xdb>t\xab}i\xae=\xfb\xb49{\xac}\xecJs\xea\xc4\xf2\xb9+K3\a\x9bG\x0e\xb4\x1f}\xb5\xfc\xe4h{\xee\xec\xf2\xf4\xb9\xd6ً\xcb7\xbf\xc7*\xbd\xb4\xbduzos\xf2\x0e\x8c÷\xbb\x9aO\xa6\x9a\x17\xbei\xfd\xf9F\xebؓ\xf6ܮ\xf6ܞֱ\xa7\xed\x1b_\xb5O\xddm\x1d\xba\xb8\xbc\xf3qsߩ֙\x8b\xad\xd9#\xad\x93;V\xbe\xfa\x12\xc6s\xeaV{獕\x13W\x9a\x93wV\x8eM/\xcd|\xd9<0\xbbr\xe6\xdb\xe6\xcc\xcc\xf2\xfe\xdb\xcb7o\xb4O>i\xce^j\xce\x1ch\x9d>\x85\xf5p\xf1N\xeb\xe6\xb1\xe5';\xdbx\x86\xdd˗wad\xb0\x13\xa7\xb1\xe0O\\i\xed:\xbc|y{\xfb\xc7'\xcd\xc7W['.\xb6N\xc3:\xad\xfc\xf05\xac͕\x89\xd6W\x0fW\xce|\xdf<;\xbb\xb2\xe7h\xf3®\xf6\x91ݭ3;WN\x1ei>\xbe\xdd\u07bbg\xe5\xcb\xfb\xcb\xe7x\xa7\x9c\xdeۜڽ4\xfbC{\xefUl\x8d\xb9\xc3\xcbG.\xb6\x1e\xcc5\xf7}\x87'\x9c\xbe\xbf\xfc\xf4d\xfb\xf2\xc1\xe5\x9bg\xd8\x0e?h\x9d\xb9\x88M\xb7\xef\x1cN\x93\xa3\xfb\x96\xa7o5\x1f\x1f\xc7\xe93\xb7\x7f\xf9\ue555=\x87\xdb\xc7\x1e`)>\xbe\xdd\xfc\xf2`\xf3\xd1q\x1c\x01\xfb.6\x8f\xee[\xd9y\x05s\xf1\U00107549\xb3\xcd?_Y\xbe\xf9=\xa6\xfe\xd67\xad;x\x91\xf6\xb1;\xcb7\xb1J[ߝk\xce\x1e[\xbey\xb1yhw\xf3\xf0\x8f\xcd\xc3\xd7Z_\xdf\\~z\xacy\xea\xdb\xe5\xbb7\x96\x1e\xdej\x1e9ؾ|\x8b\x8d\xc9\xee\xd6\xd4\x11l\xc0\x9bw\xb1\xa7\x9e\x9cj\xce\x1ek\u07b8\xca\xf6\xf3K\x9c/W\xf67g\x0f/\xcdL,O]o\x9d\xde\xd9\xfc\xf2\x1c\xae\x86I\xbcߜ\u07b9\xf4\xf4Lk߅\xe5\x89\x03K3ǖ\xe6\xf65/\\m_;\xd1<|\xbe\xb9\xefJkb{{\xdf}\xfc\xb9\xf7as\xea\x87\xe5\xe9\vK3\xb3ͧ\x93+\xe7\xe6Z\xa7\uedbe\xbaռu\x187\x9d:ڜ\xc0*\xc5o\xaf\xfdy\xe9\xf1\x97\xcd\x03\x93\xad\xfd\xd7Wv\x9c_z8\xb543\x01Kx\xeaqs\xf7$\xccёK\xad\xef\x1eb\xa7\x1f\xbb\xb7|yw\xf3ƥ\x95\x93\xdf7'\x1f\xe0\xdc|\xba\xa7}e\x7f\xfb\xd8\xed\xa5\xd9CX\xa8{\x0f6\xf7\xcc\xf28\x1f\\~\xba\xa7u\xe3|\xf3\xf4\x95\xd6ׇZ_\x9fm\x1d\x9f\\\x9a\xddߜ\xbc\x83\xf3\xf7\xbb=+\xdf\x7f\r\xfb\xbf\xef\xdc\xf2\x93/\x9b\x93\x17\x97f&ڧ\xee6\xcfζ\xcfM\xb4\x8e\x9f\x84)\x9bݍ-37۾q\xb4=\xf7e\xeb\xdb\xd38\x80\x8e\xec\\\x99\xf8\x06\x8bj\xfa\\s\xea\xcf͛\x0f\x97f\x0f-\xef\x9dm\x9d\xbe\x89\x13y\xf7\x01\xec\xdfcgۧ϶\xbfم\xef\xfe\xb0\xbf}co{\xf6r\xfb\xf6\\\xf3\xdb\xfd\xed\xb9\xc3+\xd7\x0e4\xa7\xbf\xc5\x1e\x9f\xba\xbf\xf4\xf8t\xeb\xcc\xc5\xe5=\xd7Z\xdf\xedi\xdfx\xc2\xfb}\x7f\xf3\xd0\xd9\xe6ԩ։\xefpLLއK0\xb1\x1f~\xc5\xccDsjO\xeb\xc0\x9e\xe6\xc1\x13\xd8\x05'n\xac\x9c\xda\xdd<\xf5=\x9f\x89\xbc\xb9\xee\\i\x9e\xfa\xaeu\xe3B{\xf2r{\xef\x9eփ\xdb\xcd\xd3w\x9a\xc7wc\xc9=|\xda|\xf0-\xaf\xf3\xb3+?|ݞ\xbd\xdc:=\xb1\xfc\xf4h{\xeeQ\xf3\xc8\x146;\xec\xe1\x97\xcbO\x8e\xf29\x82\xb3\x06\xc7\xca\xcd]Ks\x0f\x96/\xefm>9\x81\x9dr\xf0\x10\x8e\xb3\xd9\x1b\xcd\xe9\x03\xad\xa9#\xad]g\xf1\xab\xe9\xbd\xcb\xe7'\x9bON4\xa7n\xad\xec\x98\xc6\x191u\xbf9{i\xe5\xfcYxA'\x1f\xb7w\xdd_~|\x1d^ʾ\x8b\xb8\xda\xf4-x2_=l\x9d\x9bZ>w\xa0u\xec)f\xed\xd6Q\x98\x91/\xb7/͜^\xbe\xf8\xb4u\xf8Hs\xcf\xec\xca䟛\xb3'ڻ\xee7\x8f\x1cZ\x9a\xfb\xbau\xfdI{\xe7\x8d\xf6\x8e\x87\xb0Z{\x0f6\xa7\x0f\xc0\xc0\xc23\xf9jy\xfaI\xfb\xf1\xf4\xca\xf7\xbb\x9b7\x1f\xc1˚\xf9\xa6y`n\xe5\xe4\xf7\xed\xd3\xfb\xf1\x7fs\x87\x9b\x933\x18\xd5S\xdf5\x1f\xdei\x1e\xbe\xd5<\xb2\xab}\xf9`\xf3\xfbo\x9b\xfb\xbek\x9d9\xd2\xfa\xea$\x96\xe5\xf7\xdf.=\xdc\xdf<rhy;N\xd2\xd6\xf1\xa9ַ\xa7\xb1\xb6\x1f\xde]\x9e\x9em}\xb5\a+\xf6\xd4clۛ{\xdb{\xa7\x96f斞N\xb7\x8e=l\x1eޱ4s\xa8\xb5\xf7\xcb\xe6\xc1[ͧ?,=<\x02+\xf7\xfd\xad\xe5\xcb;\xe0\x9c\xdc\xf8\x1a\xce؏O\xda\x17\xbf]>\xf4\x80\a\xeaj\xfbؕ\xf6\xdc\xe5\xf6܍\xa5\xc7\xdf-\xcd]\x87\xfd\x7f8պr\xae\xf9\xe8\xf0\xf2\xcd\x1b\xf07v>n^8\xbbrjr\xf9\xe4\xa1֗\a\x97\x1e\x9f^9\x7f\xa8\xf5\xdd#\xec\xc7{\x0fڗ\x8fb}>\xferyǏ\xed\xb37ಞ9\xb74w\xbf\xf5\xe3\\\xfb\xab\x13\xcbO\x8f\xc0Ù\xbd\xbc4\xf3\xcdңo\x96\xa7\xa7\x9b7\x1f-O]kNN\xb5\x8f\x9d\x85\xffy\xeal\xf3\xf0Ml\xab\xe3\x87W\xce\x1dൽk\xe9\xf1ix\x8f\xb7v\xc2h\xdf\xd9\x03\x8fqϵ\xe6\xbe+\xcbw\xcf.\xdf=\xdf\xdc}zi\xe6\x9b\xe5\xe9\xa7+'\xa6\x9b\xd3߶\xbez\f\xf7\xe6\xf0\x89\xe5\xe9+\xcbӳس3ך\x87\x0f\xae\\\x9a\x82\x97\xf5h\x16\xe6w\xe2\xf2\xf2\x81\x9d\xcdSw\xe1!\xef?\xb9\xf4\xe8\xe8ʉ\x1f\x97\xe6\xf6\xb5N\\\xc4)s\xfa\xe0\xf2\xe5\t\x18\xf6\xc3;\x9a\xfb\xbek\x7f\xb3k\xf9\xe6\x19\xec\xc1\x1d\x0f\x97\x9e\x9eY\xbe\xb9\xbdy\xea\xc9\xd2\xc3K\xad\xd3{1\x11\xf7\xf6/\xdf<\u07be\fϭ\xb5\x17>\x0f\x0e\xb2\xe9o\x96w\x9ck_Ĺ\xd3\xfa\xea\xc6\xca\xe9\x89\xd6\xed\x1d8\x83\x9e\x9ch\xee\xfb\xb6u\xe7\xf8\xd2\xc3\xfd+'\xee\xae\xecك\xf7:rq\xe5\xd8\x04\xbc\x91\x9b{ۧ\xa6\xb1ݦn\xb7vN\xb6\x8e\xee\x82wqz/\xce\xdf\v{\x96\xcf?\x86Ws\xe3R\xeb\xf4\xecңoZ\xc7o5o\x9cX>?\xb9\xf4tz\xf9\xee\r\x18\xf9ݧ[g\x8e\xc2k:\xf3=vė\xdb\xd9\x1e~\xbb4\x8bs\xbcu\xebn\xf3\xe1\x9d\xd6\xe1#\xbc\x9b\xf65gv,\xdf\xfa~\xf9\xd6\xf7\xad\x93\xd3+\x13\xdf\xc0\xaa\xccL-\xcd\xec[z\xf4\x1d\xac\xc1\xd4\x0f\xad\x1b\aZ\xa7~l\xed\xbf\xc8\xe7\xc8)\xb8͓\a\xb1\x83\x0e_Éy\xe2>\x0e\xe2;{\x96\xaf\xec[~\xf2\xa49ukiv\x1638\xfd=\xdcȉ\xed͙\xa9\xe6\xed\xe3\xed\v\xb3ͧ;\x11\x95ܽۼq\xa4}\xff\xc7\xf6\x0f'\xe1\xf9\x9f;\xb0\xbc\xe7Z{\xd7\xfd\xf6\xec\xe5\xe6\xd4\x0f\xed\xe9\x89\xe6\xc1\xe3\xadc\x0fW\xce\\\xc5|\xcd℅\x1d\xde\xfbe\xf3\xd1\xc4\xd2\xdc\xf9\xf6wۛS߭\x9c\xbc\x80\xc1\x9f\x9aY\u07b7\xa3}jze\xcf\xc1\xf6\x8e\x87\xad\xeb\xe7Z\xc7g\x9a\x17\xbei\xde:\x8a\x93t\xea\xcf\xcb\xf7v\xad\xec9\xda\xda\xcbO5w\xb1y\xe4\x10<\xc0\xc9+|\xdf{\xad\xd3\x13K\x8f\xef4O}۾q\xacy\xe1*<\x8d\xa7gV\xbe9\xdd>tki\xee|\xeb\xfcD\xeb\xec\xc5־\xe3\xed\x8bW\x9a\xb7\x0e\xb7N\xdco\xfd\xf8gL\xf4\x8d\xf3͙\x99\xf6\xb1o\x96\xf7\xdc\xc1\xf3\x1c\xd9\r\x9f\xf0\xf1q\x9c\x95\x8f&\x9a\x17\x0e6\xa7\xee\xaf\xec9\xba\xfc\xed\xc1\xe6Ù\xf6\xa5\xc3\xf0\xf9O_o>\xfe\x1e\aٞ\xdd\xcd\v\xf0\x81Პ\xfa\xb69u\xab5q\xa6\xb5\xf3Nk\xe2\x10Α\x83\x87\x97\xa7\xa7\x97\xa7\xf1j\xf0\x9f/>^\x9a\xbd\x8c\x10\xe6\xc0\xde\xf6\xe4e,\xc5\xf3\x93͇O\x97fNc\x81=\xfaaeϞ\xe5\xbb7\x10\xbc\xec\xddߞ\xdb\xd5<\xf5d\xe5\xcc\xf7\xad3O\x9b\x87w,O\xecl\x1d{\xda\xfaq\x0e\xe1\xd2\xd7_6/\\\x85˷\xefZs\xdf)\x98\xe8\xb9\xeb̓{ڳ\x97qL\xcf^\xc2|\xed\xbd\x8a=u\xfcn\xeb\xde\xf6\xe5s\aV&\xbe\x83\xe5\xc4\x1a;\xb1r\xf6j\xf3\xd4\xe3\xe5\xbb3\xb8Σ\tL婙\x95\x13\xa7a\x8d\x0f\xddj>\xbe\x8d\x93\xee\xd2\x0e\xd8\xf3'\x87\x9a\xd3\x0f1·\x0e\xb7\xf6q\x94t\xe6\\\xeb\xfa\x13\x84\x8a;'\x97\xa715\xad;\xc7\xd9ɹ\u07fc=\xb9\xf4\xf0Rs\xf6\xc4\xf2\xd3o[\x87.\xb6\x7f\xd8\xdf<xgi\xe6Ik\xdfE\x84\x06\x0f.7/^\\~z\x04Q\xcc\xe4E\x04\xb0g.\xfa\x90viv\xff\xd2\xdc}\xac\x99c\xb7q\xe8\x1c<\xd4\xdc\xf7-\x06\xff\xd2T\xf3\xd2T\xfb\xf4\xd9֍\xf3K3\aW\x8e\x9dlN^\xc1+\x1c\x99j\x1e9\xb04\xf7\xa09\xf1\xa89\xf5\x03^\xf6\xd4\xd1\xf6\x99\xf3\xcd\xc9\aK\x8f\xbfD\x146{\xady\xea\xfb\x95\xafq\x9c\xc1\xa2\xee}\xda\xda?\xd9\xfc\xfeە\xe3Oy\xc7\xcd\u008b8\xb0\x1d\xa7\xf0\xf4\xfd\xf6\xdcݥ\xa7\xd3\xcd÷Z\x0f\x9f4\x1f\\j\x1e\xbe\xb3\xbc\xe3\xdc\xd2\xdc\xe3\xf6\x8dc\xadsS\xcd\xe9oWNN\xb6\x8f\xdd[zz\x0eAّ\xdd\xedcg\x9bG\x1f7\xa7\xcf/=\xfanin\x0e1\xf8\x8d\xf3\xcdG\x87\xdb{\x1f.\xef\xfdqif\x7f\xeb\xcc\xc5\xe6\xc1\xc3\b\x15\x0f_\x83\xc5x\xfce{\xd7\xfd\x95=\aa\xea'/c\xfa\x0e\xec\x81a|z\x04\xcb\xe6\xc4\xc5\xe6\xd3\x13\xcbw\xce\xc3g\xbb?\xb9\xfctO\xf3\xf4Y\xb8\xca\xf7N\xb6n\x9fm\x1d\xbb\x89\x03\xe8\xd0\x15\xb8\xbe?\x9c\xc4\U000dfe41\xf3t\xefeDgS\xf7W&\xbe[z\xb8\x1fNˡ+͇O9\x96\x9cm\x1d>\xbc\xfc\xf4V\xf3\xf0\xd7\xcd\x03_a\xcbϝ\xc5~\xdf\xcb{\xe1\xe4\xd5\xe5\x9bO\xe0b\x1d\x80ņ\xdf\xf8t\x0fnzh\x0eg\xd0ރ\xadc\xf7\x11\x1d<\xbcۜ\xbd\xd4:\xb3\xa3\xf9\xf4D\xfbɡ\xa5\x99ǭ\xd3\x138\xbeOέ\x9c\xdc\xdd:}\r\xef\xb8\xef;\x0eR\x0e.\xdf=\xdf:~\x12\xbe\xd0ީ\xe6\x99\x13˳?,=\xfere\xcf\xc1\xe6\xec\xee\xe6\x9e\xd9\xe6\xb1i,<\xde/\x88\xc7O\x9f]\xbe\xcd?\xdf\xf9pi\xe64\xdc\xdd\x1d\xd3\xed\xe9\xdb̓\x1c\xa7\xdfޱ\xbc\xfd@\xf3\xf0W\xcd''p\x1a>>\xd8>5\xb3\xf4\xf4\xdcʹ{\xf0\x8a\xa7v\xaf\xfc\xf9l\xfb\xf1ѕs\xf7\xda\xe7\xa6\xe1W\x9fz\xb2\xf4d?\"\xa33\x13\xed\xcb7[\xdfn_9vr\xf9\xe6\xcd\xf6\xa9ixA\xd3g\x96\xef\x9ei\x9d\x9e\x85\xd3r\xfe\xd0\xcaɫ\xadC\x1c\xad\x9f\x98l\xdd\xfcss\xfa\xbb\xf6ޫ+'/\xc0ݺz|\xf9\x87\xaf\xda_=i\x9f\x98l\x1e\xde\a\xcbp{\a\f\xef\x0f'q\x92\xeez\xda\xfe\xe1b\xeb\xe6a6)7\x9a\x17\xfc\x8e\xdeݺy\x18\xa7υ\xab\xad\xbb\x17\x9b7N\xc0\x93<|\xab\xbd\xfd|{\xeenk߅\xd6\xe9\xeb\xc0Of\xae\xb5&.7\xa7\xbf\x06\x1c13\x03\xcf\xff\xd4\f\x8e驯\xdb\xc7/\xc2\xf5}\xfce\xf3\xc9\xfe\xe6\xcc\x14\x82\xa3'O\xe1H\x9f\xba\xb1\xbc\xe3\x1c\xe2Щ\xa7\xcd\xdb\xfb[\xdf\x1d\x869:\xfa5F\xfb\xe6\xa3\xe5=w\xdb\u05f6cEm\xff\x92\x1d\xd1\xeb\f\xa7|\xd9<2\xd5:w\x1e+vߝ\xe6\xbe+\xcd×\x9a\x17\xbe\xc2\xfe\x9d\xdc\xd9|t\x1c!\x00\x1c\x86\xaf\xdbׯ7O\x9d\xe2\xd3\xf9\xdc\xf2\xb5k\xad\xaf\x0f\xad|s\xa4}y{s\xfa\f\x86\xeb\xf2\xae\xe5\x03;[\xf7\xa7\x96\xef>lN\xden\x1e9\xd0|\xfa\xf5\xf2\xf4-\x80Tw\xe6\x9a3\x970\xefG\x0e6o\x9ch\x9f|\x04l\xe4\xd1D\xeb\xd8\x13\x1c\xa38\xd9O\xf0I\x81\x95ּpye\xcfaD\x8e\x1c\xc1\xad\xec9ܜ\xbc\xbd4\xfb\x03\x87\xa8g\x9b\x17\xef\xc0ᇷ\t\f\n^\xcaܗ\xad3gW&\xbeYzzn\xf9\xfe$\xec\xd8$0\x8a\xe6\xe3/q\x18=\xfa\xba}y\xa25q\xb9\xb5\xeblk\xea\xe9\xd2\xec\xe5\x95\xed\xfbZS?b\x15\x1d>\x0flg\xf6B\xf3\xd6mx\x1dO\xcf4\xb7_\xe4\b\xe2R\xf3\xf0\x8e\xd6\xf1[\xb0-\xf0\xa9\x00\x915o\xdfƒ\xdb9\xd9\xdau\xb6\xbd\xf7akz\x1fVԹo[GN7o\xedo\xde\xfevi\xf6\x10\x02\xb4\xa9\a\xcbw\xbfG\xact\xfe\xd6\xca\xd9;\xcdÀ\x83\x96\xef~\x0fw\xee\xcc7\xb0\x1b\x0f\x7f\\\xd9y\xa55u\x04&n\xeaj\xfb\xd4>D\xd0'\x8f\xb6\xa6\x8e\xac\xec|\xdc<0\xb9|~\x921\xb4\xfb\x88\x04\uf742\v\xf7\xf5\xa1\xd6\xfeSlp\x0e\xb4\x8e߅M\xfb\xfaf\xfb\xf4\xa3\xf6\x99SK\x8fN.=\xbaۼ\xb2\xbdu\xfa\x14<ɳg\x9b\a\x7f\x00t\xf0\xe8\xeb\xd6\xce\xef\x96\x7f\xf8\xaay~\x0f\x8c\xe1\xe4\xed\xe5\xbd7\x01\x82MN\x02\xa2\xb9~\xa9ydj\xe5䮥\xb9\xfb\xed\xbd\x0f\xe1\xbd\xcc\x1c\x04\xfc\xb2\xffv\xeb\xab=\xcb\xf7v\x01y\xf8\xee!\xa2K\xc4 O\x80\x18|\xff\xa89y}\xe9щ֭\xa3\xad\x13\x87\x81\x83\xed\xfb\x0e\x93r\xf8\x04&\xfaƥ摛\xcd}WV&v\xc0\xc0\x1e:\xdb:sq\xe5\xc44\xcc\xe0\xe9\xeb\x00\x06\x9f\x1cZ9\x7f\xb6=\xf7ty\xef\x8f\xed+\xf0\x82\xdasSK\xb3\x87\x10t콺\xf4\xe4\x140\x96#\xa7\xdb\xfb\x8f4\xf7\x9dZ\xd9sxi\xe6\"\x8cޭ\x99姧\x9b\xbbO\xe2\x95O\xef]9y\xa4\xfd÷K\xb3{\x9b7\x1f.\xdf>\xb7|\xf7a\xfb\x18\xc7\xef\x17\x1f\xb7\xe7\xce4o>l\x1e\u070e\xc0\xf6\xe9\xce姧\xda;\x1e.߄\x9b\x04\xd0\xe9\xd1\xd7\xcd}O\xf1\xc9[G[\xd7\xcf/\xdf;\xdc|x\x7fi\xe6\x18\xc0\xcc\x1d\x0f\xb1\xb9\x8e\x1c\xe5\xd3\xe1\x16\f\xf5\xb1+\x00\xbe\xbez\xdc|\xfc=\xeeroW\xeb\xbbG\xd85\xdf\xdd]\xf9\xe6p\xfb\xcc\x04\xacӅ\xcb\x00\x03\xbf\xbeٺy\x1c+\xe4\xe4,l\xf5\x81\xaf\xb0˦\x0f`\xe3\x1c\xdf\xdd<{\xa8=w\x16\xe1ϞY\x1c\xfa{\xbf\\\x99\xf8\xae}\xec{\xe0\x1b\x97v0Bu\x05\xd1\xdf\xd33\xed\xe3'\x9b\xa7\xbek\xdf\xfd\x0e\xf6\xe1\xf4~\xf8\xde;\xae\xc0/:\xf5\x04h\xe4\xaeS|\xf4\x9cm\x1e>\xbf4\xf7\x80]&\xc4\xf88\xc1\xa7\xf7\xb6\x0e\xfd\xb9u\xe3R\xeb\xf6ޕ=\a\xd8ʝj\xce\xcd\"\xb0\xbd:\xbbr\xe9\xab\xe6\xe4\x14\"\x8e\xafv\xad\\\xbd\r\xefzf\xff\xca\x19 \x1b\xcd\xdd\a\x97ob\xbf\xb4v\x1d^z\xb8w\xe5\xeb;\xcdɽ\xcb\xfbo\x03\x8fz\xb4civ\xba\xb9\xfb\xd4\xd2\xec\xfe\xf6\xa1\xab8\xe3\x9e\\Xzt\x02>䭣̓w\x9a\x87o\"\x1e\xbfr\x1b\xa7\xf6\xe4\x83\xe6\xbe+\xedcs\xad\x9dw\xe0\xbd\xdcA\xd0ڼu\x18\xbe\xe8\xc4e\xa0y\x13;\x01ܝ\xbb\x8e3\xfa\xf2\x8e\xf6\xe9\xfd\xad\x99\xc9\xd6\xc5oZG\xbem_?\n\x94\xf8\xbb\xed+s\xf0\xcaV&v`\xd9\xdf>\xbb\xbc\xffp\xfb\xf4Yx\xa73s\xed\xe9s+_\xdfoM\xdf[\xbe2\xd7ܽ\xaf\xfdtn\xf9\xe6\xd1֙\x9dͩ\xab\xcd\xed\xdf\xc0#z\xf4h\xe9\xe1!\x04}\xd371e\x0f.\xb6\xf7O\xb4&\xf7/=<\xbb<=\xd3>t\x13\x9b\xfa\xec\xc3\xe6\xe4\x1c\xc6\xfc\xe9=x#\xdf\x02\xecm_\xbc\x82\x91\xbc|\xbey\xe0i\xf3\xc8\xc18\x17*ѤF\xa50u\x91\x18\x990E\xd2H%c\xa9\x9d\xa4z\xa63m>\xcf)\xceI9&\xdd%\x9a\t\xb3\x8a\t\x9b6\xd6\xca\x19\xc1\xc4Y\xa5t\xbdl\x88\xf9\xb3*#\x83\",\xa1\xc8\b\xa6\x94\xdaX\xe6\x89H8ϮE\xae>ω\xafc\x13\xfe\t\xb3\xe6Mf(\x96\xdaR\xf5٬b\x1e\xa9\x1d\xd5\xe0r0\xb1\xd4ZBn\xb3&ʨ]\xaer\"\r\x94\\\xcb\xd4B<v\xaaQ,%3O|\xb4̭\xb5\"\xad\xe6J\xc4\xda\x18Ҿ\xb83\x13\xc6I#\x8c\x91eQ\x17\xe6\xd9\rQ\xe3''$\xc0\x91\xc8\xc0s\x8azY\x06F\"x\xa7Ze\u008aD\xa7\xcfn(\x12\x99\xe0\f3\x93p\x99;\xca\xd4ܲ\x00\x05\xd70\x17V[\x8c\xad\xd3\xcc\xed\xd1u\x106\xd3Qa$\xff\xdc\x19ͣd\x99\x80k\x99\xa4\xabX\x15@0\x93\xd7\"\x0f\xe5H0G4!\xd4s\xeb\n\x19'\x98\xe9i\x99\x0f\xa3\xa5\x13\xa9\x14L\xce\xc4;>\x9b\x05\x8b\"\xf3\x95\xdbd\x99\xed\x83Y3\x99\xb6\x92陆\x94\xf5LH\xc3\xfcO\x9bHEF\xd7s\x13K\x91\xe9\xc4<;\x87jm\xa7\x13\x89\a\xcdr*\xa7L*6\x18\xf7\x9c\xd2\xcc\xe8L\xea\xd8H+m,\xc98\xccT\x8e+\x90\x01\xc9\x1f\xcf\x1c\x931\xc2py\x15\x11\x88Q:\xe3\x14'\xde+\x11|\x05\xa1+\x18='\xf1Q\xeaF\xe2\x1c##,\xe7\xca-s\xd548K\xfe\xfa\xd2\x18I\xb6\xaa\x997h\x99um\x9f\xcd*\x19\xebX\xa0f\x84i\xd4ֈm\xcf\uea04\xca\x12o\x9a\x83\xe3\xa6SJ\xb4#\xf5\xec\x06^\xf6٬ev\x9e\x8eu,\x95\xd0F\"\xa3\x8b\x91\x11\xb1$\xe5t\xfc\xec\\\"\xb71\xef\xd3`Fn\b\xae\xf6\x12\x98\xfdmX\xe12\xd5՜\x9f\x19K\xde<\xbb:.\x9dN\x9f\xdd\xc9h\x1bVU\"F\x9f\xddHHӨt\x02\xecR\x89\x1c\xa13ڂ\xcaJ\x86Y\xb0\xb6\xf2\xec\\,\xd3X\x94i\x9b`F0\xd3W\x13Aj\xf4\xd9\r\xbdUd\xcf\xee(&\xc3\xda2\xaf\x10fN[\xa6\xd1\x1a\xec\x17\xa1*<ڱ\xaec\xc6Sa\xc9r\xb9.\xdeT&\xe0Ӕ\x85Ǝ\x10\t\xefJK\t\x9e'6$\x12=\x7fw~\xee\xf9\xe1\xe7{\xb8J~v\xfe\xd6\xfc\xec\xfc\f\xaaޟ\x1f\xe4\x9f\xfc\xf8|;\xd7\xcaߙ\x7f2\xff\xf4\xf9\xc4\xfc\fW\xda\xcf\xce\xdf{\xbew\xfe\x1e*\xda\xe7\xef\xcd\x7f\xc3?\xb9=\x7fo\xfe\x01\xd7\xd4\xcf\xf9J\xfb\xf9??\xdf\x1e*\xf2\xef\xce\xdf\xc0\xd5\xf8\x8a\x8f\x9e\uf67f7\xff\b\xd5\xfa\xcfw\xcc\xcf\xe1OT\xf1\xcf?\xe0oݚ\xbf3\x7f\xb7\xf8\xfd\xfc1<\xdb\xfcY\xdc\x17\xbf{\xbe\xddW\xf0s\x85\xfd\xa3\xf9Y\xbe\xde\x1d\xbe\xfe\x8f\xb8:?ۣ\xf9s\xf3W\xe6\x8f\xcc?\x9a\xbf\xf5\xfc\xf0\xfce\xff\x16\xfc\xdd\x1f\xf9\xb7\xf7\xe6\x1f=\xdf9\xff=?\xf3]\xfe\x19\xee\xfa\x88ߗ\xdf\xfa\xf9\xce\xf9?\xf3Ov\xcc\xdf{>\xc9o\x8dkCc\x00\x9f\xbc;\x7fw\xfe\xf1\xf3\xc3\xf3\x7f\xf6w\fφZ\xff?\x17O8\xff\xe8\xf9\xf6p\x05|f\xe2\xf9\xce\xf9\xdb\x1dŀ\x99\xe7\x13\xfc\xf9{\xf3\xdf\xf2\xff\xc7X\xef\xe6\xbb\xdf\xe2\xcfx\x1d\x03(\v<a\xe5\x80'\xf3\x0f\xf99\xbd~\xc1\x93\xe7۟\uf73f\xfbӅ\xe3?]\xdc\xf3Ӆ\x87?]\x9c\xe2\xbfO\xfcta\x86\x7fr\xfc\xa7\vO\xf8'\xfb\x7f\xbap\xec\xa7\v\xb7~\xbap\x8d\xff\xbc¿=\xcc\x1f8\xfeӅ\xa7?]\xb8\xc1\xdfڃ/\xe2'\xb7~\xbap\x81\xbf\xf5\x90\xff\xdc\xcd_|ȟ\xb9\x89\xbf\xe0\xcf'\xf8\f>|\xf1\xa7\vO\xb6\n\xeci\xfe\xe4i\xfc\x1f\xbe5\xf9Ӆ\xeb?]\xb8\xc4\x7f?\xf1Ӆ)\xfe\xd5\x13\xfe\xfba\xbe\xc84\xdf\xf1\xcaO\x17\xee\x85k\xe2\xa9.\x16\x7fN\xfct\xe1k~\x92\xd3\xc5u&\xf8v|\x1d\xfc\xfd\x1e\x7f\xf2\n\xff\xe4Jq\xcd[?]\xd8\xcbo1]\x8c\xc04\x7fr\xffO\x17~\xe4\x9f\xcc\xf0զ\xf9[\x97\xf8'_\xf2\xb7v\xf3\x0f\xaf\xf3\an\xf0O\xae\xf3e\xbf\xc1\x17\xf1\xab+\xfc\x99\x13<\xb6\x13|\xb5\x89\x85\x87\x8b\xbb\x16\xf7.\\ğ\x8b{\x16n-\\^\xf8~az\xe1\xf6\xc2Å\x9b\v7\x17.\x17?_ܳp\x8fu\x1df\x17\xf7-\xdcf%\x87\xdd\xd0gX\xb8\xcc\x1a\f\xbb\x17\x1e.\xdc^\xb8\xbfp\v*\x0f\x8b{\x16wC\xb1aqjqrq\a\xae\xc1w\x81r\xc3n\xbe\xe2NVl\xb8\xb6\xb8wq\a\xd4\x1d\x16\xa7\x16n,\\]\xb8\x8c\xfb.n_ܱ\xf0`\xe1\xe1\u0095\x85\x9b\xb8\xcf\xe2\ue14bx\xaaŝИX\xb8\xbcpc\xe1&\x9e\x96\xb5%\xf6\xb1\x92\xc4Å\xfb\x8b;\x17\xf7-n_\xb8\xb2pc\xe1\a\xbe+\x9em\xcf\xe2\x14\xb4)\x16./\\\x0fo\xb2g\xe1\xf2\xc2\x1dhQ,<\\ܽp\x93\x9f\xe9\x0e\xdf\xeb\xf6\xc2=~S\xa8J܂\x96\xc4\xc2e|\x17\x9a\x12\v?\x84'\xbe\xc6ory\xe1\xc6\xe2>֨\xb8\xb7p{\xe1\xee\xc2\xed\x85\x1b\v7X\xa9b\nO\xb4p\x99\x9f\x16\xdf\xc0}n㽊\xef.n_8\xbfpeqjaz\xe1\xf2½\x85\xf3\xe1\xe7\xbbq7~\x16\xbc\xc9\xd4\xe2\x14\x940x\\w/Lc\xb4\xf9o\xd7\xf8\x9a\x93\vw\x17./\x9c\xe3\xb7\xdbǟ\xc1\xa7\xefanx|n/\xee\x80:\x06F\tc\xcc\xf3r\x93\x9f\xe3<\x7f\xfe\xc6\xc2\xd5ŝ\xd0\xcd\x00\xdb`q\xf7⾅\xeb\vWx\xbc\xf6,\\Ü,\\_ܳpu\xe1\xce\xe2\ue16b\x8b\xfb\x16\xae-N.\xee䷘]\xf8q\xe1\xea\xe2\xee\xc5\xed\vw0\xe3\xfc<\xbbX\xa5\x03#\xec\x9fn\xc7\xe2.\x9eO<\xc9C\xbe\xe6y^#P\xed8\x879\xe1\xe7\x98\fs\xb7\x13\x8a\x1e\x8b\xbbx\xcd][\xb8\xcdOu\xa53\xeawxdv\xf2\xbd\x1e\U000aae39p\x03\xcf\xc5w\xc58<\xe4\xab\xed\xe1\xeb\xef\xc1\x9b/<X\xb8\xbd\xf0\x00\xcf\xc0\xdc0\xae\r\x02G2\xa1\x8a\xc8SW\x93uKi\xc53\xb0٭#\xe5\xc0\xc9\xd4\xc61\x99\x90\x92:Y\x16Yș\xa9V\x11\xb6&\xb5\x1a\xf2\x1c{\xa6\x9c\x98\x86\x88\xf9/\x9eM\x9fX\xa7qv\xfbJ\x00kr\xa5\xb8\xfaY\xe3\xebP#\x00\x93\x97\xb9ɨ\xaeA\x1d\xe7\x18\xa5,\xbah\x9c\x8cS\xca\x15K/(BU\xfb\b\xbc\x1b\xa1\x1aIC\x89\xba/˷L\xe8\x1b\x15q#3(\xe1\xa8o\xf6odp\xd0\xc7.\x91\\\x1ba\x88\xab\x93\r\xbf/\x8dQ\xd9JG5\x89g\vu\x006Еq\x17\xd0]\xc9X\xa9\x15\x182R+\xd0Y\x15\xa5\x9ew\xdf#\x12\xaey\xc4\xe3:Jƈ\xd9\xce\xec[\xc6.3:\xc9cG\x9e\x1aZ\xd1\x06\x94O\x94\xb3\xc5B\xf9\xe2\x89\xc4\xe6\xfc\xba\xec4\xebT\x80\xc1;JqnXǂ\x04h\xa7p\x1e\x85i0K\x99\xa5;\x05\xea=Y\xb8͠0A\x98F]\xa0̝<-\xd1\xf2\x10\xc0!P\xf0\x152\xa3\xabFԭ\x8e%\xb9\x86\xaf\xc7\xe0\xb1v\xf0\xcaA\xd2J\x9c\x91\xd5*\x19_uaSͷ\xa5\x94kw\xe1\xac)\xb8\xee\n\xe4-8\xf1\x14\xbb:\tL\x9c/\t\xb1P\xe8\xe4҄\xd4\xe5\x86|-\xc9ڭ:7J\xc0C\xe4\xe9\xccME\xc4\x14\nMh<\x93\xcc\xcb\xe2ڊ\xb2H\x85\x8a\xe9]\xbc\xa9\xadm\xf2\xeb\xcc\xd5\f(W\x9f0]:ҙ\xf4\xb2\x0fʉ؉Qf\xdf!@\x10\xa6\xc1\xe5FUڜ\tpê\xf0gM#\xa18ŀ\x10aIե\xc5\xfcA\xf7#\x15\x06\xe2\t\xd2Ag\xd3憪\\P\x97b}H\xb2\x96\xf8\x93\xd6\x13\x9d0J\xacQ\xc1\xf5\xaeRI'E\xea\xab\x1c\xac/ʰ\x9e\x9fmQ\xe8\x0f\x86\xa4\xb4Y\ue204I%W\x87`i$\xb2\n\xcf<\x931\x86g\xa3\xd7\\\xa9\vc$F^\x80\xf4\x9b\xfa\x99\xf6e2>\"\x12騌\xb1\"}\xf5D\xaf\xa7\xc5[\xe6u\x92\xad\x10\xf3\xc6Ri\xf9\xfdr\xeb\xa22\xf9\xca\x0e\xfbO~\xb5\xe66ǌQ&\xadN\b\xeb^\xaa*\b\xfe\xbc\xc7F\xa5\xce-\"\x9bT4\xf0\x94\\t\xc0k~\xa87O\x87_\xee\x02\xe95\xc3Ȱ.\t\xf3\xf9\xa42\xc4C\x87\x9d\"\xaa$\xfc\xab$dG\x9cΘ\x81OI\xc6e\x06*\xf7\xf7\x7fǿ{,\xb8\xac\xfbw~\xab\x81I\x9b\x1b\xacOE\xb13\x94\xe41%\x1bUb\xb4L\x12B|c\rU1U\x91\xe7\xb9yR\xaf5īac\xeet]\xb8*9~w.m\xb1x\x14\xa9\xaa\x9f\xf8)\x8e\x05\xef__ c\xf1/\xcc\x15\xbc\xfa\x98R\x19\x13&\x98\xc7\xdab\xd5\t\x95l\xe8\xe7;\xbd\xef\x8d@\xb4!R4\x16m\xf2\xf3\xe0K\x9b\x92\xcdX!\"\xfd\xd8\xdb\x1e\xd8\x10\xecj]\xc7&\x19\x13\x06\xfba\x93NY\x17R\xeb\xb4,\x8c\xa7R\xdb2q-\ts\xc1)y\x87rgQң\xb0\xe6q%2^g\ab2n\x8cBq\x7fڰ\xfe\xfd\x12i\xf1қ\xfd\xf6\x1d#\x91ay\x8e\xd7dY:\x14\xfc\xfe\xbc\xbb{\x937\x1e\xac\x81C\x96y\xa6\x94\xe8\x9cY\xa0\xa1\xee%\x14Ǭ\xf6F+\xcb\x11\x03\x12\xdb\xe9\r%O\xb9\x8f@8ga\x0e^!\x1fp,\x899\xc92J\xa0\x95!ӆ/l\xb1\xdd\xfd\xd0\x14\xec\xe2B\x04S\xdf䍕HF\xf1F\xb6&\xb8\x1c##\fHb\x04.V\xf6\x86\x939\xfc\x94\xfc\n\xab_5\f\xa5\x82\xc9\xea\b\U0008694a\xd3<\xa1\xb1\x1a\xf9%\x85J\x90d\xb3\x9f\xb1X8\x91\xea\xeaF\x7f\x06\xf8\x9a\"/\xf0d]\xae$\xbe\xcfֆ\x1aV\xa2\x96\xc9lBu`U\xd74\xe2\xa8Ư\xfc\x0e\xcf\x04\x9fUk\xbd\t\xe2%\xe5\xa8B\x84\x97\xc6f\x1c\xc5ڵ &r\xed\x95H\xd9\x00\xa5\x8d\x9e\xae.\x14\v\x94s\x17)\xed\x12RV\xba\xc6\xdbFb?l\x82յ\x04i\xacHW\x9c\x91\xe5\xdc\xd1\a\x86\xb5\xa8K\x11W`\xfb2\x0ek(&ɢ̨V\xf8Л\xf4Z\xce\x05\x8fRE\xf8\x94\xa8T\x844vSM\x98\x94\xac\x11\x89\x8cEZ6\x9e\x9e-\x15\x1f\x05\xfc\xe9\xea\xfaT\xa8ꆒ\xaf\x9e\x88B\x91\x12\x98\xfe\x8a\x92\xccP]\xe6\xa8\x02\x19\x11U\xdaX'#c\xf1nµ\xf1\x7f\xf0\xef\xfe\x91?\xb5\x15Q\x129\xcd\xcc\xce\r%\x1c\xa6)\x8d\x835\x8dU\xe0\xb8\xf2\xa0L\xa9\xa4Qb\xc5/2ݾ\xfcΗ\xd3Yh2D\x0e\x9fN\"]yO\x1a\xaa\xe8q\x1cn\u0090\x95u\x99\n\xe3\x8dUR\x17㲞\xd7k\xde\xc8\x19\x91\xc9$m\xc4)O\x00n\x96\xe8:\xd5\xc9T)\xf1|o\xcb\xdaV\x94dR+\xf2\xb5\xd59\xd4^\x95\xb0\xaeQ\xd3c\x91\xd3\xd1f\xef\x87\x18T(\xe6\x04[\xa2\xeb\x8dO\xbd[Q6\xbe~\r6\x19\x06\xceT)mĂ\x97w\x8f\x1f\x82\x8d\xde+y7\xc1\x89\x1cY\xaab\x17\x7f\xaa\xcbd\\\xe4\xcb9\xec'\"\x96\xde4\x1bԆe\xd1\x18\xcb\x17\x81\xee\xba~\x8c\"\xc8~o\xe4S2Ti\xd8\xcf|\xb5\x1e$\x97$%\"f\x03Qǒ\x1a%\x16ݠd}\xc4T^睡2N]\xebʤ\xa8\"\x1dx\xd1RU7{\x03\x0fe\xd2z^\xcf\xc8\xd4Df\xeb\x9a\xed\x8b%~\ai\xa3\xdcR\x82w7\x96\x18)Q.2\x1a\x9b\x99\x8f:U\x85?@\xa3\x94\x19]\xd7\x0e\xdb$a\xe5\xd2:aDǝ\xc1x\a%.\xa6\t\xaf'\x86\xd5\x12\x91\xa6\x91\xab\xb1\x1eW]d\xe4\x8f\xe41\xd1\xc0\x90G\x1bsԱ\xfa*3\xbb\xc9;_\xbe\xaa̲\b\x9cHY4\xcdri\x88TUV\xc0x\xb9+\x83\xa6\xb5r\xcepid\xacQ\xed\xe7\xd8w3\x94q\xb9\x9b\xf5Ք֗qںV\xd2i\x13\xbd\xf2\n6ޘd'\x91Ƴ\x94kXE\xe6(\xf9\x95?潃E\xa2,q,\x91\xe2\x928_\xacf\xd7\xf4p\x91\x0fW\x1cǡ\x0e)\x12\x8a\xa1\x1d\x8f\x85%\x9e\xd4\x1f\xf9\x1a\x1câk\x94\xc4ZY\x9dһL\xf2W4Χ}(\xb2\xdc\xe4]?ɘY\xaa(\xc7\xf9`s\x9e\xc6\xcf|I\x04J:\xb0\xce@\x88.\rÈ\xa7p\v\xf9b8\b\xa4\xaav\x8fQy$\x94\x91Q\xf2\xeb\xdc:\x19\xe3<\xcaX!.v\xb2n\xb7\xd4t]ب\xae\xb7\xc1\xbb\xc14J\x96eq\x92\x18\xbe\x815\xcd\x1d\xcc\xddz^Qkk\xb9J\f%\xbfI\x1b\xf5LƟy#\xe9\vY-\x8bSQ\x12\u05ccV2\x0eU\x94\xbe\x9c\xd1fF;\x8a\x19\xc3ul<xF|},\x8b\x8c\xa5\r\xfe\x0f\xb1\xb6?\xf6\x90\x17\xa9\xc1\xc1\x87\xcb\xf8Cѯ\xfc\x9e1m\xa0\xeb\x04\xc1\x1e\x89\xd2Z6]\\\x9d\x037\xc5:\x12I\xeex\xaaP\x1d\x8ajD\xef2:\xfe}\x95\xf7Z\x8ab\x04m)y\xdb\xfb\xf3\xa9,\xe3\xbe_D,\xcc\xf3\x89w'i\x9cK\x93j2\x81L\xcd{\xa962\x11\xbe<\xd1r%\x1d%\xefb\xef\xe0ĩഷd\xe0\xf0T\fQ\xa2뛉ߥۏ\xd2{ޕF\x1d\x99\xae@\xc4\x04\xf2A,]\x84\xe3Z\xa1\xe6\x12rY\xab\xfb\xd6\xf4BJz+\xabk\xc3\\\xf80b\xb3\xa3\xacF\n\x05\x04\xa4\"]栂\xe5\x99^\xee\xfa\x88+\xcf\"\x8c\x98L\xa8\x14\xb1\xe8\x8d/Y\xb6=]]\xefi\x13uu}$T#\xf2\xb5Y\x96\xb9\xfc\x94d\xde\xeaU$\xbbd\x10Ɉt\x05\x80)\xcb\x1b\xa2\xea\xc2\xea\x8cG\t\x82I\xb1LǤSd\xedV\xbf\x96~E\xdaT)z\x9bҪ\xcc\xeb^\x9ah؍I\xf6\xcc4\n3\x1aPw\x87\xfc\x9c0\x15a(\xf2e\x14F(\xd8\xe3\xacf\x84\x85k\xabpw_\x93\xc5\xcee*\fT\x8b_\xee\x8a6\xf9\xe0NV\x956\x94\xa4\xda\xdaHWp\xf7HX\xbe\xbb\x14\xd6qi\xe1\x10\xb6\xc5\xf0\x90u\xecH\xb0\xe7\xf0r\x97\xaf׳\xfeY\xc8\x0f\xc8z8\xb3\x91\xae\xc4\xde3\xee\xf7\xe5\a,/\xd6\x15Y?ce\xaf\x99\xe5\vN\xa31Ⲽ\xbe>\xafצ\x15\x16\xa1\xaeT`\xc1X\xf9\x83\f\x16_ڈ\xcaR\xa7\xba\xdaHe\x05\x03\xa9M\x84\t4\x12\x91E\xe5\x97F|\x9e\xebA\xb4kЊjP^S\xd5\xd5~\xf1\xbe\xa3\xf3j*,\x8a\xf7\xb0>\xa5\x89S\x82\x14\x10\xee\xb0ћ\x92\x7f\x92䔨\x8fR\rg\x05\x9a\"D\xc2Ʀa\x9dH\xf9h\x8d6\xfc\xce\x1b\x0fV\t\xa3DD|\x9c\xfab\x95dHpaoE\x1b\x92U\x15mL\xd3\xc8H>\xe3j\xf4N\x11\xae:i(A\xb9\xcb(\x19_\xb6<X\x160,\xd6\x12\x9f\xa0\xb1(K\x04\xc5\xc2\xc2G\xc1\x19\x1e\tĔ\x88>\xab\xe4p\xb1_\v\x95\xc3\xe5\xe0J\x13.x\xc31\xe1\xcb4|\x19H\xf4\x1e\u05faD\xf0f\xb0}\x1b\x19\x96\x1bN\v\x11#V\xacK\xd6ET\x91\xac\xf8\xa0\xc9\xf9\x82\xb0\x04\vHi\xd7\xeb\xad@\xd9W\xdbtsܲ>ձ\x8f\xfb\x85\x93q\x0f\xd7O\x95\x86c\xadFɸQ\xa9S\xe2h\x0fk\x9ek~J\xc3\x18\xe4\\\xba\xf7\xb8\xd9@\x82\xba'\xec\v\x9c\x03²>^iX\xd8\b\xe3\xec\xcbd\x93\xa1^\x9b\t5\x8c\xb6\x18Q\x99\xbb\x8cD\xba\"\"\xb6Zu\x04\xa8\xa6\xd1˕S=\x15\xef\x02$9\xe183B\xa2>6\xf6>;K\x1ep,\x83\xe8K:>\xedU\xce&\xe9\u05ec\xa1\x1e\xb1\xa9\xb4\x0e\xae\x9f\xb45\xb4+\x80\xd7e\xb0+\x9d\xe1v'\xd6\x1b\x94h\xac\xa6\xf1\xb8X\xa4\xb9!X>\x01\xe4Db\xb4x\xe8d\x1c\xea\xdd}A\xb7\xdd̚\x05\x11d\xfc1\x9b\xba\x8e鄧T\x931\xce?2\xd6\x17-\x0e\x95\x1b\x98\xcc\xe8c\xef\xa2~\xe2\xc1\x0e_\xf2ju\x8ec\x95\fY\x9c\xe5\x9b\xc7(\x91\xb6ƚni\xe3\x13\x9cLBY\x1d!\x83\x85\xc8&G\x94\x8c\xa0\xd4z\x95\x04\xd4\f\xe3t\xb2\\\x95l\xd1B%r\xbaL\xec\xcf\xd7\x05\xd75!b\xb7\x94\xf8\"\xc2\xd5ݾ\x10\x8bÈ\xd20\xa2\x1e'\xb3\xcd>t\xf6J\avKnF\xa4\xad\xb1p*\x99\x1e\x96\xd0\\\xcd~AWWٯA\x96\xaes\xe4\xcb[\x83\xf2ÆOe\\\x13&\xe1j\U000b4465\x82\xed\x9arF\x16%D]\\\xea\xb4\xfe\x17y\xca\x1b\x88\x93f\x96\x1b)\xb0\x05kX\x19\xb3<<\xbb\x0e\x14\xe7\x01\x0f\xb1,\xa6\x1a9\xfd\x8e\a\xb9\xfc\xb0v\xad\x8fX\t\x107ud\x9c\u038d\xb4u\x0e\xa8d\xcc\xf0\x14%p@\x04ʇk\xfd\xc3/wy\x95\x83\x9e\x7f\x1c\xaf\xa7\xd1(\xf7\xb5\xe1XMԱ\xe9,a\x92\x844\xf8\f\xa9\x042\xf2kz\x84sf\xb5\xafس5\xcd'\x1et\xa0*\x95\n\x87\xd5\xdb蟤\xc2;\xfa2Q\x1bA*\xad\xd4\xfb\x89ǐ\x12\xb2\x19\xe0\x1f\xc9>\x9f\xf3\x8e\xe0',\xa5\x11\xd5(M\"\xa9~\xad-e5\xbe\xb33$|\xac6\xc4\xd5\xe8\xc3\"b78\xd1d\xd5+\xdcRĬ\x8d\xde\xf5\bOE\x8cJxe\xd80ڼ\x9f#\x1cjl\x94\xc6k\x1c\xf0\xabX\x1d!r\xf9\b\xb3B\xa9\xaf\xf5\xb3\x9f\x04`im$T\x12E\xben0\xc0?\xcex\xe8\x8a*\xae4\xdc\xe5%0쯸\x93N\xb4\xd1\xc79\xf8n]\xf09\xe7\x951\x9c\xd1\r\x99\x90\xe03\x80M3>oa\xbd\xa4\x8d\xa4\x85v\\\xb4!\x8a\x85qZ+\xf8\x8a֙M^\xad\xe4\xa3ܦ\xb2n\x7f\xe7\xc3+\xa9\xa2:\xfb\xa6\x8c\xde\xe1\xb4\x16\xa9\xfd\x80\xebDײvf\xda\xe8E\x9c\xfb\x99й\xe3\x9e\x02\xacE\xb0zc\xce2\x8bآN\xc6\x1e\xddZ\xfb\x81\xe2\x1dg%\x87\xe3\xefS$R\xab})\xb8\xdd\xc8\xc9\xd8F\xd7K/Aq\xec\x1d\xa1$\xa5Q\xd9\xc7j\\\fW\x1aFi\xb7%\xef\xf7l\xa3\x8de#j\xa2\xbe\xdaKG\xfc\xd1o\xa0,\xe7K\xaf\xe1cl\xb5\xafz\xeczg㖍\xbf\x8f\xfe\x1e~b\x8d\x14\xc7E\b*\\.R.\\\a\n'\xa4J\x1b\xd1g\xac\xf7\xf7\n\x9b\x994\xf5\xa5\x9cVVV\xc3m\xf8\xc0\xf1\xe3\xfe\x12Mh\x06\xa3\xd20\xebЖ\xb5Q\x91T\xbf\xf1\x18'yG\x17-q\xd8\xf6\xa8\x98\x8c\xaa\xb2\xf7\x13i\xc5r\xbf\xecVT\x1a1,_l}Dې\xceFzL\tk\xb1\x8fP\xe5\xe7(፪\xaa\x980=\xc6-@6\x94zK\x91\xa1tC)Aɶ\xce\xfc\x1d\\\"\x05V\x80\xaf\x90\xb5q\x9a\xe3)\xa0N)\x93\r\"\x8d\x11\xbc\xaf\x19dK\xe1\x8b\x05\xc5\xf0\x10\xdb\xf9Q>\xfe\x19;\x1c\x15\xe9F\x8f\xbe\n\x84\x92\xb9\x11\x1eC\xe2\x946%2M\x15`\xe5\xf0b|\xccX\x06\xff*\r6D\xac\xbeR\x91\xd8\xdaN\xaaؽ\xe3}E\x84\xac\x91T]<\xa7\x91\x17\\\xe1zL\xa9\xaa\x1f\xb2\xe4A\xf46NX]\xc1i\xc8\xf0\xa2B\xe3\x18\x1c\x83\xaeF#\x1am\xa1\x1c\x17'\xbf\xe2\v#K\x91\x97\xb2\xd90\xe6\xad)N\xf9Oeu\xb0\x8b\xdf\xcf\b\xc9o\xb81\xb5zm\x14\x9b\x1cg\x01K\\\x97\x86\x81c\nC,\xb8i\xe3\x8a\x0f\xb2\x11\x18\xe4E\xa0i}Upd\xd72D\xc1\xbe↨\xebe\x16\xbdt\x9aE\x06>\xf5\x11\xfb'\x1e\x17~\xcf\xfb\x1a\x9f\x00( \x13\xa4+\xfeI\x1a,\xad Ȱ\xc9\xc3Z\x9fxo\xd4\xd7\xc2\x0ffp\x15\xa0u!\x00y~\xc8\xd1j\xe4uL\xecF\xe5jZ5\xfc\xf9\x1e}ꡝw}T\xee\xc3\x0f\x1b\xfbU^5bT:\xef\x8a\x01@ᨧ\xdb\v\xd1|\xec\xfdA\xae\x05}\xb9+\n\x0f\xe3\x04䄼$\x87E\x97%8',\x16d\xd9\xf2\x95\x1b8oY\xb7یDRU\x04\x90\xe8\x86P\f!\xe2w5\x91\bo\xcf\xd00*ҕ\xae\xaeͺN\xd1+\xac\x82\xfc\x8aWݰ#\xd4\x18\xd3&\xe1\xb3?MQ\xa2\x1e\xe9\n+֮\x19\x04:Ic\x91W\xeb\x89X+\x9b\x12m\xa2\xba6\xc4R\n\x83\xe1i\a\x19{\xddP\xf2u\xde\xd6\x17\xc0F52H\xa5l\xf6\xa8\xca{\xc4Eۣ|\b\x13\xeb!ٚ%\x86S\x1c)\\@Ĭ\x99\x80\xe3<r\xba\xc2\xe5\xe9\xf6\x9d|\x04V\xd1\xcb\x04\xad\xe5\x80X\xba1o\xf2j\xc2Եj\x88\x88K\x8cK\xebK5\xe72\xdcY\xdaȫNt\xb1\xecP\xda\xf0Z4&\xf6\x81\x036:\xae\xce~\x9d\xda\xec\xd3\t\x89p\xb8Q\xaa\x1b\"u\x8d\x8a\x8f-`\xe4Ǆ%\x1fW\xd9\x1c@\x13m\xe6(2\xaa\xf9u\xfd)K\x9c(\xd6\x0f\xb0nc\n8E\xf0aè\a\xc2+\xf6}K\xc3=\xec\x86&\x89f?\xab\xe2\a\x04\xfa\xab\x91\xae\x00\x0f\x11\xae\xf6\x8e?\xf16y\xe8\xd8k\xde\xd85\xfe\xb0\xc9\xc8\x047\xadb\xbc\xe6\x8c7]\xc0\xe4>\xf0\x81fEV\x1c\x91\x126B3\xb6\x1e\x96\xee\xec\xe1\xb6\x04*\xa9x9y]\xb6qn\xc8P%\xe5z\xed\xaaP2\xde\x10}$\\\xad\x87\x83lU\xf5\xc7|\x94y\x01\x10\x11\xb1\xae\xb5Vd\x8c6\r\x12\x06F\x80\xf1\xaf\xa8\xcca\x8bAg\xb3\b\xd13\x8e\xf9\xa8\x86\xf9\xd3\x15C\xec\xeb\x1bV%\t\"GPPp|:9\xd6\x03Nu\x9eT\f\xa0\x16]\x89>b\xb0\xa2\x1f\xc9.\xe0=*B\xe8\xff\xb6\x87\x87S\xb28L\xf1\xd2\x04\xd1~\u07b70O\xb64̅\xfa\x94\xa0\xcdJw\xf7\xb0\xd7t\x88Xh\x84\x92\x0f=\xee\xfd>\vBE\xdc\xf1\xa9\x81\xc6A\xa9\xab5\x18m\x12\xa9\x17\xcc`\xd6\x10\\\fQ&@\x18\xfc\x04Պ0u2\xf6m\xae\xca^\x93H\x1b\xe7\xd6\x1a\xaf\xbd\xf4+CU\xe4δrQ\xac\xb3\xdcXV\x98\xcbH\x18\vq\xe0(ό\x87\xf4 \xb3\x89)\xc6\xd9H\x89\x15\x1c\xe7\xf8\x15\xc9\x02\x00\xb9\xc1ɕ\xe88灬\x11)/\xa6\x0fe\x9aJ\xee\x11\xa8ȋ^\f\xbf'\x94\x13\xb6\x81Ӟݩ\xad\xb9\xa1\xe4\xb7>\xed\x81\xc7eHA\xdbܐ\xcf)F\f\x06Ĕ\xb3s\x11}\xe4\xe3i_\xcf\xdfE\b&\x94+\x13ck#\xd4ؤ\xe1Îc\x11ᴯ\xcb\xf8\x17}\xfc\xff\xb0\xf0\fp\xa9\x84\xd2F\xe4\x85\xc6\">muE+\x8ax\x04Sm\xa2\r\xac/Lƫv\xd8O\xbcS\xea\xc8\x18\xf8\x91\x8e\xef[\xc9\x19\x9c\x1e\xe5\x9eKU\xaf\xc5\x14ņc|p\xa3j\xe4U\xbc)\xe8\xbcX\xec1\x02J\xc7'\n\xa6J\xc4\xd8\x1fT6\xc2K\x9fu\xa3K\f\xf0\x02\xa1\xb0Y|e}T\xa3\b\xdeؚ\x9eQ\x91\xae^àњA\x16\x0e\xf6\x1b\x0f\xa7\xb6\xb76Ȧ\xe282\x12\xba|^\xf2\xc8B~u\xcd`\x97Gf\x8dT\x11\x8c\xdd&\xf6\xb6\xadW\x9f\x8a\xde\xce9\xd0\f\x1aF[|T\xb0Id\xbc\xbe3JSJ\xaa:I\xc8\xda-\xa2\x8a\xf5\xb9\x917\xd5z\x1c[c\x02\x87\x14L`&\x1c\xc2jt\xa0\x8c\xa4\xf2\xd2\a\xbf\xfcPbH\xd5\x18E\xd8\x12\x9b|>\xee\xd7y\"\xa4\xad\xfbx\x05\xd0\n\xce*\xceLDQMX<K\xae8\x80c\xd5\xf0W\xd6\xf2\xe2\x93Ji|:\xed\xe2\x13\x12r\xb4\xd0'A\xb4\x81\xa80\xb8\t\xda0\x14\xe1孼j\x98}\x9b\x8c\x12\x86\xf5\x7f\x8c\xb3\x98R\x98f\xbf\x06\xd1<3\x92\xaa&LY\xe7\xe6=\x0f3mE\xf6\xda4z\xf9,\xef\xe9\xf1\xe11\\\x13\x95X\x98e\xf8\x8e\x1e B\x7f\xcdH+\xfe\x8f\xf3\x9c\xc4R\xc4\xe9\x1b\x13e\x82e\xd2`\xf6\x94\xe6\x0ee\xbc\xea\x8cV\x8dzB)\a\x045m\x1c\x99>/\v\x01\xf7@\xa8\xa0\xe3Q\xea\xfd\xfbh\xe8\xe7\xbf\xdf\xc4AZ\xb4A38\x12!v\xb5.\xe2\xd6nI\xe4\xbd_\x84-\xb6s\xbc\xd8\xc8\a\x17\x1f\t\xe7j4\xc6\xc9\xc1\xd8z\xf53\xb4\xad\x8c*ڤb\f_ a\x19\x1f\x0e\x18)[\xb7(\xf2Rq_0j\xb7\xda\v\t֤\xaa\xe8\xb2\x1e\x1f\xf3G\x9d\x7f\xb1$\x96Nn#\xf5A\x94h\xf5\x8a3\x1e\x1c\xef\x89\xf8\x80\x1e\x1b\xeb)\xad\x19\xec*s@\\e\xc5w\xbd\x1e\xe3\x16I\xd5\x131p\xe6\xe1\"\xfb\xa7?\xfd\xf1\x8b\xc11\xc9.\x80\xae؆\xf2Ã<\xa9eMR\x02\u0089Ş\x89*m1\"gC\x1aY/`\xe7\x03\x95\xa1X\xd77\xc7\xdal\xf4(\xb8\x0fs{|4\xe86\xf9h\x90\x17d)\xfa\x9dLk\x94\xd6m^\xceM\xd9VI\xe5RQY\xb2\xb6n\x0f\xb7\x04X\xed\xc5\x10#\xaf;hY'FW\x94\xae#\x93\xbe\xc9g\xb2-\xc5\xf0Qp\xf7\xc8i\xee\x06\x906\xba=\xc4\xd3\xedE\x16\x87zS9\xdc\xd5\xd5\x131\xbc(\x15\x94\xbcj\x89\xb4\x00\xfa\xdf\r\x988\xeb|E\xa3R\xe0\xa9!\a{[\xa7c\x94V\x84!\x93\xa7\xec=\x1b\x06\xe3b\xbf\x1b\xe1\x14X\xadL\x9e\xc2\x10ְ\xe9\xf5\x88WO\\\xbb\xc1/\xa2\xd5A8\x8dqV\xeb4\x8b\xbcC\xab9\x13ՏX\xb9$\xfaׄ|S#\xa8AA\xbc\x1f\x17c,=y\x9b[\xbcZV\xef\x1f\xea\x85S\a߆M\x96%ka\x85k\xb2\x8eU\x830\xa2܈\xbc\xeadO]\xb29t:rh\xeb\x88\xd7r\xda\xf6\xf8>\x8f\t\x83\x0f\x19)x%~}\xad\x97\xbc\xa0\x1b\x1f\xfaL\xaf\x88x+\xbcO\xa6\xcc{\xd4\xc8\x11\xb2\x91\xd7C\xec\tr\x8f,\xfe\x17RߙM\xf5Xڈ\x18I3\x91\xb7\x9f\x110ή\x97^\x92.\x92\xcaq\xbfLJ\"\xe3}\"\u038dG\x91p\xdc\xc4\"\x13Ұ\xa5\x1d\xa1H\xba\x7f\xed=\xff\x8d\xcai%\xb5\xd7k\x8c\x82<`8'\xbc$\xa1u\x9c\\OJk\xd0Hm5\x83\x01)\xa5$`Q\xbc\xaaZx赟x\xd6@w\xf70z\fF\xc0\xc47\x94\"\x7f\x9eI\xc5`\xc0\x90Ocxe\x9b\x7f\x1a\x1e\xfa?zml\x00\x01!#\xed\x9du\x9b\n44\x19\xf3\x870\xf7X\x11\xf6\xe7\x1b\xa2Wr\x95\x00\x0e嶵ƥ\x8d\xc8k\xc1\xac\xdfhDY\n\x05+L\t\x1b\xc5\xdc4\xa0.\x86\xb7\xe5,`\xb7W\f\\+-{9FZl<\x1c\x99\x86\x92M)FNŚ\x11]Q\xe5\xf3փ\xb7\xac\x8a\x0f3\x13r\x91\xfe\xc4#\x91@\x8b{\x93\x8f0\xbdx\x95\x1d\xf6a+\x8f\x04P?K\xf5r\xea%\xf5\"fVP⣂\x9e̮/E\xff\x18\xf9\xce1\xae܈\xac\xae#Ω\x93\x89\xbcޢe\x91}J6\t\x85$H\rC]c\xb7\x82\xbd\x04a\xed\x86\x12\x0e\"\x9f\x93rR\xa4o\x8br#\xd5\xca\xe7ǂ\x99a\xb8\x019X\xc7)\xb8\x8d\x96\xddW\xafDg\xb1\xfb\xa4\xc1\xd6Վ\xacH\xad\x8e\xa4z_cZ\xd4@@.\xe3\x18ޅ\x17\t\x8d\xaaZ`˼\xe7ݴ5\xdcEou\x06k\xe6l\xe41Y\xa9\xa2_\xe7i\xc3:(\x0f\xc1\xc3E\x82\x13\xb0k]\xc0\xfed\x95<\xe5H\x98\x12i#L\xb1y\xe5\x1f^\x91\x99\xf3\x1eq\xe45\xd4p\xd8\xe0q\xbcΞM\xb0\xabt\x85s\xde\"\b\x81FC~I\xc1\xd9\xe2$$>\xb9\x1a\x92m]/\xbd\x84\xe5\x12IlZ\x9dP\xd2\x13q^\x8d\x1b\x98\xb0D'E\xe5F\xaf߿\xe5*{>\xa9\x18Ä\x7f\xe0{^p\xb3\x11J\xca\xde=\x18\xc8ƣW\xb3\xf1\xad\xdcͤ\x87\xbb\"E\xc2+\xa8\xf6ԉ=\x16\xbf\x9e\xbb70&7\x88\xf5\x89\xa3\x89\x05c{\xfc5#>\"\xa3\r^\xbbu-b\x1dt\xa6\xf3\u0080\x89)@2\xa3DjE\x9d\"a\xbdfi\xc2\x02\x82\xc6k\xf3wE8\x84\xb5!\xaf^\xcadsbh\x1f\xec\x0fi#\xc0\x1e\x18r\x1cW>\x7f8\xe6݊\xb1\x1a\xa3\xb0\xc8ue\x94\x94\xcd0\xfa}z,'\xf2\x19\xe2\r|H\xe9J\x9c#\xb6'i\x19?\x13<E\xd1Ƥ.\rý\xe3\x94\fz\xf5\xdb\xe8#\xcfQ\xfa\x04\xebzm\x04Kb\xa4\x86/eɡ\xd5\x06L\xa5\x1a\x15\t%\x1bJ\xdc\xf6\xc4f\xec\xb8\xf0;X'\xf8M\xd8Ȳ\xf7\xcbƘ\xbb\x1eD\x91D0o\xc9\xc9:\xceM\x0e\xc4rg\x85\x93\xb6\xd2p:\xaa\xb0\x88\xe0\x98\x82\xed\xd1\x1c\xa4y\xa14ˋO\x010S.\xaf\xc3mr5\x7f\x15\xa7\x13ɠ\xf6{H\xceښG\xe6V{\xf1L\xe0\x91Y\xa4+\x9e\xe7\x11a1\xe0P@4\x81\x94\xab\xc1\xf2\x8e\x03\xcd \x13qGL\xae\x1b\x81Z$\xecf'TJ\r\xaf=i{\xfd1\xba\xc9hᤈ\xbc\xde#Z0\xe0\xc5\x1c\x87\x83l (\xe1\x16N\x91X\xf3GW3z\xacF\xec`\xa5>\xd4#\aJH\xfa\x1e\xff\xbf\x92\xdf\xd3%n\xf1 \"\x14y膅'\x15I\x04\x8c\x96H\xf9d\xb0\xa9{\v\x96\x97\xb9\x05\x83!\xec\x11\x8e\x84sK\xdeM\x1bf\xf2#%\x15\xe2\x0e\xbb\x1f\xfb\x94\x81T^\x0eX\xf3`\xfcN\xd7I\xbdb?\xf6iU\x16\x99\x14\x8a\xd3\t\x88\x03\xf8t,7\xd8i\xf3r\xbd\rxV\xdc\x1e\x97O<\xaf\xcb\xf9G\xb8\xfdd\xac\xd7P\x8d\xb6x\x82\\\x0f\x8f$E\xac\x14\xb6\x9a\xfb6\x95\x86sh藆\xa3\xcd\x00\x94\x01Z\x8c\xf2\x11`\xaad\"\x9d\x11f\x1a\xae/\xa9$\x95d#\xa9|V.\x8a|:\x02\x90\x89\xb4\xd1\xea\xd2;\xbf\xf9h\x93\xf6\x84C\xde\xe7\x15m|\x98\x13\xfdkO\xdb\xf0\x9a\x82\x16\x81\x8a\xb6\xe44\x8e\xdf1\xefB\x0fz7\xcd%\xc1P\xb3\rQu9Θ\x87\xa1XZ\x8c\x13g\x1cx\xf5\xbc§\xa8\x88\xbc\xbeo\xf26(\\֍j\xe7\xa5\xc2X+\xcc\xc7\xc5\x03U\xc6b\xb2M\x9eB\xd2\x13t\xa8\xbd\xec+\x93\x15jH\xc0\"\xefX\x111\xa7\x83b\xbe\n\x9fm\xc8TD\x9e\xc2\x05\xee\x80E\xa8P\xc3\xfac~\x16^`\xf5\x9aAυ\xdbP\xf68\x1f\x02)CbÆ\b\xb0ʐ_\xae],7\x8a\\\x16\xa7jy3\x06\xf1\xd1\x1e\xf6ѵ\xc2\xc1NI\xd4\xe31D\xe4\xb0\x10\xd9\xe4\x0e\x03\xe9\x05b#\xafU\x18\x89\x88\xfb\x8cio#\xbd\xe8_\x0f\xec /1fhm\xf2h\xbd\xf5J\xc0xhY\xada\x91*\v\xf7\x00\xc1\x8c7\xf7\x91\xf4K\x18\xebDRb}\xfeOD,ʈ\xb5[\x93\x96%\fA=a7ͧ\xad>+{\xf7\xa04̭\x1e>\xf0κ\x97\x00_+\"\xce\xe1\xe0\xeb\xc2\xd0Ǭ\xff\x17q\a\x102\xe8\xfa\xaesǗ\x16\x85.\xee\x98f\xdc|\xb5\x171\xf6^\x05\x9b\x9aHD\xdd~\x03~º\x97<\xb4\xecV\x18L\x95\x8f\x92>\xf3\xfa\xd7k\x99g\xc1\xb4S\xa9\x93\xb5\xc0\xdc}\xfe\xd6\xe3j\x98\xbf\x84\x93\xeb\x81\xe3\x99\x12w\x00L\x1b\x1b=\x11\x05\xb6|L4F\xbc\xaf\xc1G\xf0\xcb]\xd8M\x94D\x02\xd4+\xadT^'#\xd2M\x9e\xe0\xc8`\xbf\xb4\xfc,RiÎ\x04P\x9bHbۯ\x8d\xa4\x8a\r\xf7+\xf3\x12yݞ\xd7l\x7f\x13#U\x86f\r\b\xd2\xfc\x0e\x88R\xb8\x8cR\xbd\xe3Q\a\x02\xa8\a\x8f\xc5\u0590W3Z\x80\x05\xa5u\xeaa&-\x92\r\xd21g\xc5\x10s\xf8>\n\xd4R>P\x82\xb8\xa1\xf5\x8b\xae\xcb\ai=\x12\xa1#E\x1b|\xe8\xe5\xcf\xcd\xcfDT\xd5:\x89\f\x8d\xa4\xa2.<\x15j-<ꚴ\x9f\xf9\x05\xca\xcd\xc2\xd0\x7f\x04#\xb0ֳ\xedllx`ʼ\xf1\xea\xdcCN\xa4^\a>\xf29\xbe\b\xfb\x8c\x8f\t\v\xdf\xd8k(G~\x9dY\xf6&LË\xa4\xdb\xc8'\x89>\xf1\xfc%\xb2\f\xdby\x0eyRᮇH\xaccwp\x1a^*\xb0\xf4\xacd\x85_ f\x1e\x12\xb7D\b\x12\xb0e\x10\xf9\xf8\xc44\xe6T\xa6)w؋\x84\x17\uf33c\xe2w\x0f.\x8d\x13\xecC\x81'\xc3)X\xce\xdd\xfb\xb2\n\x0e\x13G\xd7\xe5\x06\xd2k>\xeaI4\xd9D\xb2pt\x99iL\r\x0e}R\xe1\xcf1\xcbZ\x97\xceb\x8fU\xb1<\x80\xbe*C\x95\xdc\x16\xba\xd2ц\xdfn\xc6w6\xfb4\x99\x97Ŵ\x9c\xa3\x95\xd6\xe7\x8fz`-\"]\xf1\x99\xf6\xb5)Y8\xd66g\xbdH\xdeNiꝧ^oW>\xfb\xcc벾/̨0I/\xf7\\\xf26\x8e}J\xa0\xabFs\xe4Ɲ\xa2҆\x1di\xd8؈\xdf*\t\a\x8d\x13\x9a/wmt\xa9PNp\n;\xf7}\xb5\x1ak\xb3\x9c-\x13s\xdfJ\xc3A\x05\x93\xbb-FB+F\xc3E\xc4\x03\xcb\n\xf6dj~\xe7x#\x10Qj)\xfac\x97\xe7\x1fY\xe5Y\nky3\xe2\xf4\x02:\x8aH\xedwTƪD\xfa^\xf0\x9ax\x9f\xa2\x84-\x11\x93\x16\x82\xae\xe4\x1f\xfd\xa2\x05\x8f\x0e\x98G\x85\xb9\xa9\x18\x10\xe9\xac\xd5)\x9e\xb3\xee\xefnH\xd1\x18\xb88\xceh\xe9\xb8ɖu\xfe,\xc5\x03\xd4\x01\\c\xec\xb5\xf9\xad\x05\xd3e\b\xa7\x13\x1ck#T,m\xb7g\x89\xd5<\xb2'\x8cÓ!\xfa\xe4\x1e\x8c\x84\x04\x82\x8d5\x1c^\xe18\x96\xc1\xa9\x8dx\x89\xb3\x18VzrY\xc5\x1f\to畊H\xb5\x97\xe7\x1cb\xf0\xbdF\x15\x83\xf9כ|\xca \xd6\xc1\xcfb\xbc.\xf6\x99;\fH\"\x1a\x8ąέWǏ\xbe@\x13-d\xd8\"\\\x88;\xea\x88\x14\xa93\x956\xbc\x1d\xecu9\xc1aO5'\xc27\xebTי\xff\x8b4`w4$\xa2\x9a\xf1\xed\x16J\xef\xfc&\xfa\xf87[\"~iZ\xcbs\"\xa21a\"\xaf\x99\x0f\x98\xde\xf9\x13\x96Cɗ\xbb\xfca\xdfS\U000fb0df\x10Y0\x89\xf4L\t\x9b\xb34\xac˩\xacR\xc2[\xd4\xe9\x12\x8e\x87\x8a\xe4\x83\xdd\xe9\xe8]\x90\xb5\xa2̫\xb9Kő<lsMZ\xe1j)9\xfa5\xbay\x91\xf97\xa2\xa6\xf5\xcf#\xb8S\x94D\xa0 0\xfd\x17v:\xb2\x9e\xa5'\"n\x84\xf9\x8f\x9e\x8c\xea\xeb%\xc2q\x1d\x95%\xf7\xae\xe4\x03vC)\x11\r~#\xc7q\xf5\xa7\\n\xb1\xd6+@G^@;\xf2|\x941\xee\x03\xbb6b YD\x99Ǭ\xb47\xf0\xdd~\x02\a=\xf5ȋ\xa9G^\x15\xd9\xf3+h,\xf3g17h\x8aX\xf6<rZḐX\x8d\x7f\xd4(\x00\v\x83>\xf7Mj[\xa3N\xde?\xc3P\xb2\xfd\xff\xa3O\v\xe1)E\xd6\x10\x11\xef+ ;\x8c\xaa\x03\xb3\xef\xe2Fk8\x03\x19K\xff?\xf2\xbe\xbeW7\t\xc6\f#\xc1L\x87\x97^\xf2lUޙ6\x12C\x9b7}\xfa\xc1'[>\xf5\x04\x16\xaf\xb6\xdeˤs=\xfev\xe3\x83dui\x9c\v@\xed\xda1\x9f攊ϱHV\xa2\xd5c\xd2\xcb\xf2G\xdeA\xb5\xd1o\x152\x150\xb15\xc1r䔰\xe7\x1c\x95\x1b\xae\x86PKU|\xa2\xc3\a\xb6I\xaf\x17\xe2\xf7\xed\xb9ԨN\xe1\xa3H\x15!\xcb'\xfc\x86-\xfb\xf4\xfd\a>\rψqU#a_'\xeb\xb7Q\xe4ydC\x1e\xb3\x10\x83\x90\x85\x1e\xea\xf52\xe8\x96\xf9U\xc2y\xcf\xc1\x97\x00\x18\x8a\xbc\x068\xef\xefޚ\x888f\xcf<\xbb\xf6}\x9cG\x1b\x80\x90a\x9c+d\x00\xa7\xfc\x93`\xca߆\xdf\xffapu%\xf7\xda\xe4\xb6w\x98\xe1p\x11;\x1b\t\xfb\x81\x1f\x17\xde\x0fC?\xf7\t \x1byJ\xc8\xdb$\xb72\xb3ʉ\xf4\xd9w\x89\xa7\xedsE6\xe5\x94\xdb\x11aDU\x90L\xabdGI\xd9\x11\xe1\x817\x81PKl%T?\x18\xa9\x9do\x02SGip\xac\xb3g\xe7\xaa܍\x92\xea\x99!\x96<\xaf\v\x1d\xbb\xbc\f_\x94)¸\x04\x96?\x7f@\xf8^\x0eZq\xb9R\xa8\x88\x17\xc8}>\xbbj\xabF\xc4RX\xff;\xe1k\xa8\xb4/Ƿ1W\x10'\x9ew!Գ\xd9:\x19-\xe2\x9cL\x82*a+Q(M\xf5\xb2Ѿ\x8aܗ\xc4k\xdfI\x8a,m嘈}\xe2\x9a\x0e\xf5\xe6\\U\x94hQe\x81zRX\xac6\xd3\\\xa5\xc5\xdd\x19\xc9Z\x1a\xf5tU<\xa7~6\x8bV̚\xcf\x0em}i\x93\xf6EB\xbe\x85\x13W\x9d\x18\x91\b\x81\xb6NRS\xbd,LU\u05f9\xc6]\xfb\x8aqK\x1e\f\xe2\xb6Zd+T6d\x10}ҳ\xdb\xda1M\a-\xa3\x12Y\xd5X;\"\xe1y\x88\xa5fh@\n\xe1\xc1\xb8\x8c\f\xaa\xa7\xaa\xb90\x890\xfc\xb6\xc2\x06m\x01\xfcK\x12\x87\xf9hH$\xadtºg7\\\x9e\xeaX+\x1d\x93AչJ4\x83\x01[u\x85\xcf\x15\xc1\xd5V\xda\xfa\xdf\tf\xc8i\xeb+\xdcm\xfdٹTT\x85%+\x9f\xddQL\x9br\\/+\x12\xe1\x8b\xf2}\xcb\x03\xab\xab\xc2\xc4P/\x88c|\x92\xe2\\$\x90W\xe0Ro.\x8a\xb08ӡ\a\x80X\xc7ȠL`\xeba\xdeQ\xa5\x7fCԱn\x94\xf0C\u03a2\fumuE\x02\xcft\x10. \xb68\xcff\x15\xb7\b\xd3\xdc\x10\xac\xae-\x0f\xab`E\x00\xe6\xfb\x83k\xc1ݲ\xeb\xbem3b1d\xeb\x91Lǿ\xe1\xe4\v\x93@\xa5[Ȫ\neH6\x16\x8e3\x804\xeeA\x17\xeeQlH\x85\x12\xbb\xa4\xe8dC\xe3\xbe\xec\x86\x11y\xe9\b *\xac$\xa6\xcaqf?ɭ\xf3N\xa4\x8cɆWNC!\x9d\xdd\xd6\xcdl\x87\xf5\xa1\xec\xc6Z]A\xed\r\xf9\xe2\x05G\xb1H\t\x0f\x88\x8b\xb2}\xf3%#6T\xeb$\xf0_\xf1E&\xee\xf2\xfbJ\xae\xdb\x02\xfe\x04\xe01Ӗ׳\x01n\x80\x8a1Nى\x14\xc1=\xbcOO:\"\x13j\xb9l\"-\x17\xd0!\x96ױN\x05\xb8\xfb*\xa6P\xbbcE8NC-\x9d\xe5b\x028\x1a\xaa\xc1\xe5J\xa2l\x99]\xc95zd\x19\x95\x86\a\\\x17U\xb1M\xaaP\xd7 cf#\xe39\xf1\xa1\xdc0\xe7\x1f\x98\xe1P\xc8%#\x00\a7\x03\xe9\a\x10ќ\xae\xb2)\fE9I\x99\xbb\ai\x03\x98\a\x91F\x987F\xda\x00\xe4\xd9P\x9d\xf4a\x98g\x8f\xee\xc4d\xc8\u05f79\xe3]o\xd8[p$\xea:a\xe2LQX\xe0\x0f\xec\xb4\xc1\x89uT\xd0pwW\x83m!p\x18T0ܣ\xa8f!\x86o\x99\x15ʝi\xb0^\xc8%Fgx\xb6\xccp\x9e\x89|26F\x9bH>.\xb8ZNp\a).\x7f\n՝VQ\xd5+\xd1\a*\x9aP\"mXYT\x8a%>\x85R\x1a\xce\xd0\x1aEX\xdf=\x86\xebO1\xbb\"\xe5\xe8M\x8e\x920U\xee\x1c\x88x\x1fn\x11wi5\xdcⲎ\xf9\a\xd5\xd4J\xad\xe0\xf5c\x1d0\x17_8*\xaa\x1b\x01\x02\xa42v\xc8\"b=\xf2{\x91u!?\xd7`\xfa\x96\x90\xca\xf76\xa0d\x83\xaf\x03\x01\xb6\xb9\x1a\xb8\x86ϡ \xaa\xf0\xbd\x11\xb0\x9es,\xfd\x84Y\x0e\r!Ml\x80\x952TEI\x00\\\x92D\xd71\xb2q\xa8\x9e\xb2\x81h\x9eԴe\xd6\x04\b;x\xfeX\xc3,[\x12Y\x86s\xa0\x16\x8a:}o\x98\xe1!\x91\x88\x9ca2_0P\x8a\x82\x95N\xbd\x11%\xdb\x1b\x8a\x10\x03\x06\xdf`\x9az%O\x99e\rr\x00\xeb\xf2S\x82ucd\xec<SL\xa4qUv\x97\xa5\xea\r\x05g\xc5>\xf4\xcb\r\xfb\x8f\xbc3\x12\x9e\xdb\n\xe6\xd3ɘ\xc6\xc90@\xc4|74\x1dM\xf0\x92\xd8\x0e\xbe\xc9[\x1c\xf3\xd0|\x14\xf6\t\b\x03\xbc\xc1\xb8ǉ\xaa\x06\x80o8\xb0\xf1\x93\xf5QQx\xea\xb8\x1d;\x18\xfc\xd8@\x9b\v\xfb\xe1\xbb\x02\x18 \xeb\x98g\xeb\f'\x8b|\xed3%\x96aD&\xa2\xb2\x1dE]\xad0$|\xa1n\xdc\xe0v\xf1Z\xb1E\xc6'\xb91i\x85\x82]\xe5\xf5\xc9XE\x8d\x8c\x84\xbb\xc4ȱ\xdf\xff:\xc5D\xfb\xea\xb0\x04\xebvT0F\xe4\xb4*E\x9e!\x1d\x13ҹ\xdc\x18ߗ\nYߑ\xa7\xe8j\x926D\x9aJ\xecW\x9fk\xa4\x84\xbbpg\xa8\x95KSrR\x85\xf5\x91pgtfty;\xfd/=\xbd\xa9'\xb0\x90\xe2\xe1!g\x86\x87\\\x12s\x17.k}\xa9\x17\xa1\xa13Cm\xfc\xb4(\xf1\x0e\xac[n^8J\xe6}]'xf\xa1\x96چ\x02m\v0\x13(\xa5\xa7L`\x1e\xeb\x1a\xf6\xbc\xa8\x1b\a  UN>9V\x1a\x867\x86Pȗ\xbeJ\xf1;_7\x13E\xa1T\xf1\xc3`7b\xd6\x18\x8a\x1d\x1f\xd6ܵ\xc3\xdb5D=:/\"\x87\xe1\xaeP\xe3k\xd9?\x8f6D\\+\x85\xd6~ʗ;\xf9\xce\x04Rx\f>\r\xecxJBѺ\xe5\xf3\xceW\x04\xb2\xbd\xf8\xb4\xb0\xff\xbeN&\te\xdb\x16y\x1d\u0603\xb24\xae\x86\xfc\x8aÿ\xaa\x9ek%E\x1a\xa8\xdc66\x92ӿ\xe1\x9cipB\xa7N\xe6\x13逸L\x18A\xc19\xfbo~w\xd1(%\xbe?J\xefp\xa8\xf3\xb6\\^\xd2\x15E\x81\xb2fC\xf7\xbaFQ\xf9\x16\x18\xe4\x89\xefՅ\xfd\xefY\xa8 \x87\xc2\u038b\x04\xa8\xbe\xa3L\x8c\xb0\xa5\xf7\xeb\xa6\x14!\xfc\xf2\f<\x86\xeb\x879\x04\x96\xa3\xc4-\xdb\xf9\xff`1-U1\xe9J\x9b\xc0r\xeb\xfdЗnD\xbe\x8fTi\xb8\x14\xf9\xfeK\xd1j\xbf\xef\xaaF$\xb8_@e\xbb\xf8\xfc61\xe0JѰR\xf8\xf3\x03\x93 \xd9N\x0e\x86:;\xb8\xdcI\x9e\xfab]\xeck\xb0B\xc0\xd2\x10\x0eŝq(6\xf6\xbdC\xd6G\xbf\xf0\xa5J\x96U\n\x18\x93\xa2T\xfa\xf7\xc9Sd\xb2\x86B\xe5H\xe0\x1c\xd88\xf5e\xc3\x1c'IU\x1dJ%\xafk.k\xaaȘ\xfbvs\xe1\x1d\x80\xab\x98\x86<\xb27\xec\xd7\x1f\xf0EO\v\xf5,\aZ\x03\x00\x17\xe7^ JGu\xdf\xfa\xd0ň0-\xa5\x81G\xb6\x9e\xf7\x9f\xd4&0\x05J\xa9\xdc\xc6+,\xc0\x88њ\x106\x86b\xab\xc4\xf7\xcd\xe9\xea\xe2\xcd&\xaa\xc4ݏ\xebB\xf9nA\xbd\xc3AE\xc0\x06\xda<\xc3\t\xb0I8'Q\xed\x13\x10\xc5\x06\xceb\x9c\xf7[\xf3\x84+\x1eC\tv\x0f\xd2иN\x146\xb0\xafq\xa7$(A\x94\x106\x89ᗻx\xf4\f\x16\xb2v\\\x9e\xc1\xe7'z \t>\xa7z\"\x0f\x8b&\x92\xc9*\x91/}\x88\xa9ۻ\x7fݥ\xc8W\xae\x06b\x14\x17\x11\xc2\xfc\x05\xea^\b\x12|\xf5#\xf6\x99!\x1f.\xb2\x9dɕ\vU\xc9:\xe6\xc2|\xae1Ҫ\x9a6\xd6G\xafp\x0e\xf0\x15O\x06z\x85߶\xe8\n\a;\xcb\\4JB\xedF\xe4\xcf\xd5J\xe3=\x11\x13\xce|\x06\x81un\x8b*\x9e\xc0\x82\xb6\xa1|V1\xab\x81\t\xfe\xa3\xbc>~\x87\x82fQ/\n\xbb\xccgA\x1d\xc3ہ\xb8\x11\xf4\x03\x00T\xf0ή\xa44\x0e\xbfrS\xf0\x93S1fx=\xf9\xe7\x1d\xf6}'\xb9\xc3\x15\xcfw\xf4W%\xb3\xd8OC\xbd\x9c%\x1a\x0er\x16\xb6\x86s\x19\tv_{\x1dq\x1f/\x9c\x00\xbe>\xd1\xf6\x06P\xa078\xc0^\xce\x02vǸ\xbc\x1a\n\x936\x94J\xbc\x0eGE:&\x8d\x8f\xdf|ߥ\x84;\x82I\xb2>\xebY\x8a\x82\x1dM`]\xad/\xfbc\xbb\xf8\xcb\x1a\xa5\xa9\xcc\x06Q-\xff\x8epT\nQ:b\a\xf4\xa9\xf6|\xb6RT\x8a\xfc\n\xf2\xcc\x16\x94E~\x9e\x93\xef\xfa\xc8v\x0f\xd3\x05\xe86\xe8<X\f\xaf\xd2\xd2\x06Zc\xd7KAS$\bqX\v\xf75\x11\r@J\xb0o(We\x1f\x98s\x0fܱ\x11/l}\x15\n\xef\x83L[\x91n(y\xfaλ\x81$\x13\xfcD\xeb\xbbg\x96\"2\xa1:<\t\x18g\xa3\x9e9]\xb7\xdap\xd5hb\xc8ק\x84\xf3e(K\xc3\x01㉽6\x88\x88\xf4\xa4\xe4\xc9\x1f\x91Ǘ6\x84\xe5a\xbd\xf9(\r\xf7\x04\x02\xb2\xb7{\x94 \xd9ǕpyZ\xc5\x11\xd5\x13\xd2P\xe1\xf9\x93P\xc2\x1e\x85\xe2Y\xfb\xae\xaf\x7f\xb4c~\x1d\xda\xdf\x04;_\n$y\xbfݸ\xaf\xa5\x11N\x9b\xa0xbE\xf0\x83\xb8FR\xaa\xea;\xc1o\xe2\x00Uj\xd5\x13\xf9b\xf7\x063\x1a\xd2J\xa0)Eu\x19\xd7dU\xa8\xa0\xd1\x11q\xc5PY\"\xd2G\x1c\xd7\xe0l)\xf6\x87\xf1\xf6\x10\xd90\x80\xa6ފ\xa1J\x91\xdf?\n\xdcc\x1b\x88\xc2Q\xa8#\xa3\xee\xb7\xdez}]w\x7f\t\x95\x13\x88%C\xf0n\xa2B\xab\x83;7\xae\xef\v\x19\x04\x87\x18\tk9\b\x82\xd8\xeeP\x83\x84\x9fa\x1c\x03\xd7'\xe20\xee\xc5yo\x05\x83\xe22\x0e\xf9\x96R\xb0o=\xe1\xbcHB\xa9\xb2\xad\xa6\xdaZa\x1a]]\x1b\x99\xa0\x80\x1eH\xb0c\f\x1e\r\xb9\x84\xa9\x10\x1d\xbefi\x18\xe8\x12Υ 0c\xb9龴\xb5\xadZ\t\x80hLʖ\xae\x11H\xec=q*\x15\xd7rք\x84\x1d\rՊ\xd6\x17Kv\xbd\xe4\x8bw\xb0.\xbc\xdaN@\xe3\a\x9d\xf6̌\xa1^\xe6Q\x0f\xeb\x91\x14x\x80\b\xc5o\xc0㸪\xbb/\x94\x9a\x06\x05\x04\xfbiX\xb7A\xfb\"\x89V\x8f\xd5d\\\x8bz\"\xff~\xf0C`\xc7؟zQlm\x82\xc4J\x14\xd6S\x14\n,JA\xb0\"\n\xfa*\x96\xac\xf7\x0f\a\xfd\x84G\x83\xa18\xab`Cx\xbb&ҵa\xfd\x15\f\xfa\x1e_:Q\xaa\x8b*\x97\xdc\f\ax\xaf\xa2\r\xc5\xc2:\xb0\xde$\xb8c\xb5\xdc\x00\x06O8\xa0\xb1\xf4K\xb8ގ\x06k\xc22-\x8f\x9b\xd7\n\xe7\xbbD\xf2\xf3{a\x94@&-\xd84\x11?\x96Ht(})\x01\xc7(S\x9a\x0e\x85tx\xa8%\x1c\x1a\nI\x94\xcf \x19\x93\xd9?\x05\xe9\x10\x1b\xc4#\x8ae\x19\x85\xcaΈ\xdbn+J\xfc뮏\x86\xca\x1e\x9fLC9T\x14\fn\x14\xaa\xe6C\xfd\xb2\x1d\xf2XjT\xe8,\x04%\x16[\x17\xc6\xd6\x02)\v~\x95\x8f\xef\xd3ƚ F\xe1\xc48\x97V\xa0\f\x04\xbf\x0f\xcf\xdd\x154',\xac|\xfe\xec\x9a\xf5\xbd\x99\xb7\xe8(\x04\xaa~}\xbd\xdc%\x9c\xd3FQ\x83\xeaYMXi9\xaa\xd6\xc6V\x84\x8a\x1b`hj\x93&\xaf\x80ݔ&\xa8\xd4\bӵ\xa1\x90\xc7\t\xf1v=\x1b\x1f\x04\xe9\xbb;\nu\xd9A\xf4ǆ\xf7IF\x85\xf7\xd7]M\xd73\xee\x82\xec\xf1\x01\xa4y\xb8\xa8ʗ\x8f\x17f\xb2\x8f\xef\xc3\xeb۳\xa3\x87BA\xe5\xa6\x02\xdfII\x98\x8a\x1c\xef\n\x1b%\x1co\xd1P0\xf8A&\xc3r~\f\xb4y/\a\x13E\xc1\xb1\n\xeeM\xc4%\xe6\xb9!N\xff@\xda \xa8\xc1\x14\xb5\x88\x9c\t\xc3:\xf2\xba?բ\xda\xdd\xd3:(\x89\x82\x8cR\x14\r\xf5&rt\xd8\xfbA\xc8\xe3\xfa\xfe{\xd84\xec\x1f\xf9\xe2R\x8fK\xe0Q\xfd\xb2\xb4\xc1n\xf5\xf8\xae\x9d\x1fpoR\xabM\x03AA\xf1{R\xae\x14\xf4\x92\xd6p\x96D\xda(\xa8zX\x1e\xa7\xb2\x1e\x0f\xd2\x03X7U%\x14\x82^m\x8c\x1e\vܠ\r\xb0t\xf0\x11\xb7\nd|-q~\x10>\xa0\x8f/\x87\xab\xa2\xeeo\xe8˖#dK\xb0\xdf\xc2z\x8a\x90Tg\xf6+\xac\x10\xe3J\xd9\xfa\xfel<\xea\t\x1f\b\xd5*6p\x8d\aR\xb1\xad\x01˪\x80\xb3\x95\xc9\xf0\xf8r\xfd\v\x9b\x81\x12{;\xa5\xe1.O\xd4\x1a\xea\r\xe1f\xf8\xfd\xfa\x81\xde\x00\xf4\x05\xed\xb0(ĭ\x91\xcfl\x97\xa2 x\x13\xd2\xd1\xc3C\xbd\x81F\x16Dd\xbaV\xfbVpkV\xfbfpkjfT8;\"e\xf0\x1b\x8d\xae?\xfb^\xfd\u06dd\xee\xd9#3\xf2\xec2A\x01\x0e\xcan\f\x91>\xbb\xaa\x98%&\x85\r ~\xe8\xdd-l@\u00ad\x121\xfbQ\x1e\x9f\x94:̣\x0eh\x7f\xb1/DU\x97%\x19\xa5\x03\x8co\x03\xc0mG\x05\xc2y)`\x87p~\x02\xb2ɟ]\xb5\x89\xf7\xb7\xf1\xfd\x06+\xa4\xfaa\xd0ٳY\x84\xe5Zi\xab\x9d\xd1\xc1\xbf\x90\"\xd8\t\u09a9V^KU(\xe0Q\x00\xa3\x9d\x10!\xbe0\xe4\xb5h\x03^\x86\aqRT\x8b\x84\x82e\x7f\xeb\xd9\x1d\x8e3d]\x9a\xbadDފ\xfa\xb3\xabp|G\x19-ц\xc5\xc3\x12\x96+E\x00\xa9}\xc1\xaa0\xa1\bSg(X3\x82S\xe5\xe6\xd9U\xcbI\x8b\x98,\x85\r\x1e\x92\r\x96\xbf\x97\x88$~v\xc7$\xba,\xb6\t#\xaaz\x9b(\x12#\x9e\x80\xcb]D?\xcf\xc9+\xfc\xe0\xf9D\xfay.S2!e\xe2ͱ\x146\xe0\xbe\xdcY\x13\x9f\v\xff\x16!i`\xc3\xf8\t֎\x95\xa3Z\xe0\x1f\xca\x11k\x1a'\xda\xe0\x1fx\x9e\x90\x87@\x1c/1\x9e!Yam\xce\xcc\x13\xf0:4`v\x81ATR\x00\x97\xc4\xfdB\x8a\xc3\xd6X16\xd1ܵ\x9f;`K\xfe}\x85\x8c\x12\xf89#\xf0\xf0k\x8ax\x03\xe3/\xac/0 \x1b\xb27\xb6,\xac\v\xf3\x881\x14>\x0e\x13&\xe01ڣ4\xf87\"K\xbf\xfe\x8cpz\xeb\xb3;\xa3\xa4\x18\x8fvF:\xed\x9e]\x8d\xe1`\xc4Zm͕\xd3\xdcS\xfe\xd9\r\xe1\xd3Q\xc2\b\x8bԉ\xb0\x86\xbc\x1c\x8a\xafN\x15\xa6\xacSr\xcfn(\x8b\x10\x01\xe3\xc3Kȅ\xefi\x1b2;\xc0]5\xd63\x8bs8\x91$ĥ\xa7\xb0\t\xf8\x8b\xc8̳;㲮\x81\xf4\xf0\xb8qy\x11\x9a\xc2c\x97\x91\x8d\xb5W\xe7\xb5\xe4\xd3\x1e<\x1f*\xd1:\xf3\xe3\xcfy\x04\xa9M\xf0w\xb5Ӭ\xa5+\xaa\"\xe5\xeb\x11⦲4\x01\x17\x14\xec\xd7\xf0\xbeb\x82\xac\x10~\x99\xda\xd8<\xbb\x01 2yv'\x15\x86\x82>\x86\x14!\xa3\xa22\\M'ZQL\x16\xd4\x02\f>\xe2\x05\xf8\xcb\xcfnk\x8cO\x19H\f\x94\x9d\x94H\xf9\x978\x0f\x85\x9f\x7f\xc4]\x18Gnfn\xaa\u0097gkvΰ\xba\x18\xef$Ca>B&\xe7\x86\x18\x95\xa3X/\x82e\xc0\xb6\t+\x12\x82c\xcax7W\xff\xf9D\x13\xd8)\xcfn\xc42\xf5J\xd9\xc4۷\x9a\v+F\xf1\xb5D\xb8gW\x11\x00u\xd4}\xed\xb3s\xc0\x05\xb7q~\xe6\xd9m\x81\xfc\x88V2\x0e\t(\x8f\xb7\x11\x9f\x04\xd8\xc46\xe4\x17\xad/\x99\x14Il\x9e]M\xa4\xd3\xfe=\x04\xd6?V\xaa\xf6%\xbf\x14r]چ\xf1\x11A}\xf7\xd6\xfc\xbd\xe7ۡd\x8b\xff>\xdf\xf1\xfc@G\a\xf8\xf6\xf3\xfd\xf8wP\x13~4\x7f\xdc\x7f\xae\xa3\xdc\v=^\xa8\xe9\xb2\xce\xf0\xf3\xc9\xf0\xb9\x87|Mh\v\xfb\xeb\xcc\xf8\xfb@\xf9\x96?\x1f\xae\xf7|G\xf8=tw\xf1\xd9\xc3\xfc43\xf3\x8f\xfd\xbf\xf1YV\xec}\xc2z\xbc\x0f\x9f\xefx\xbe+\xa8\x10?\xf6\x9aƬ\n\xfcd~&\xfc\xf7!\xee\xf4|\x02\xcf<\xff\x84\xef\xcf\xcf\xc5z\xbeP\x18>\xc4\xcf>\x15\xee?\x03uࠚ|7h\x00{\xd5\xde[A\xe7\xf7\x16?\xfbm\xbe'\xeb\x0e?\x9f\xc4ߟ\x1f\x86\xa2/\xfe\xc5o\xbd\x03\x8a\xcb\xcf\x0f\xf1\x93\xe3\xfd\xe6柄\xef\xdf\xe3\xef\xdd~~8<߽\xf9\x1f\xfdg\x9e\xef\t\xcf\xcfρ\xe7\xc3O\x9e\xef\b\xf7\xd9\xff|7\x8f\xd3~\xcc\x06?\x05\xf4\x83\xef>?\xe0\x7f\xcf\xd7\xc1x\xee\xf7\xd7\xe7\xf7\xdc\xff|*\x8c\xd7#\x9e\x9f\x99\xf9\xa7\xf3\xb7\x82b\xf3NVA\xbe5\xff\xa3W+\x9e\xbf\xc5\xe3\xec՚\xf9:\xf3\x0f\xf0\xaf\xe7\x87X\xaf\xf8\x0e\xe6\x89U\x8f\xef\x84\xf1{\x18\x9ez\a\xabK?\x9e\x7f\x12\xbe\xff$\xbc\xef\xad\xf0_\xac\x9e\t\x1eљ\xe7\x87\xfc\xba\xe0\x9f\x1d\xc0\xba\xe1u䕢Y\xb3\xf9\xf9\xd4\xfc\f\xeb\xc0\xee\xf2z\xb0\vנκ8ɺ\xb0^1\xf6*\xff\xfc\x16~\x02\xbd\xd8\xc5=P\xb6]\xdc\xe7\xd5m\x17\xbe\xf7\xea\xba\xf0\x00\xa0\xe5\xcaj\xb1\xf7\x16\xb7\a\xcd\xd7\x17*\xb4\xf8\xe6\xbeŝ\xd0\x7f]\xb8\v\rօ\xabAK\xd7k\xce^\xe6oOAgv\xe1\xfc\xe2΅\x1f\x16n/L\xb3\xe2\xae\xff\xdf\rV\x8f\xc5Uv\xb1F\xef\x14\xb4Z\x17\xee/\xcc.<X\xb8\xe6\xaf\x1b\x14\x80w\xf2op\x7f\\\xf5&+\x00\xefZx\x00\xcd^\xfe\xfe΅\xbb\xac.\v\xad\xe0Ih\xec\x06%\xda\xcb\xd0\xd5\xc5s-\xdc^\xb8\x04\x8d^<\xe9⾅\a\xac,\v\xbdXV\xd3\xf5Ϗ\xa7^\xb8\x16T|o/\xdcX\x9c\f\xef\xbb\x1d\n\xb6\x8b;X\x9bw\x92\xaf\xf7cP\xe5\xbd\n\x85\xdc\xc5Ʌ\x9bA\xb1v\x1f\x8f(\xd4p\xbd\xc6\xf1U(\xc9⻬\xb6\x8bo^\xc7x,\xeeZ8\xcf\x1a\xc5{\x83\x82\xf0e\xbe\xf7\x8d\x85\x1f\xa0E\xbb8\xb5p\x7f\xe1\xca\xc2\xddp\x8f;\v\xd7\xf9ڻy\xe4\xa7\xf9\xdb7Y{\xf7\xb2\u05fd]ܷp\xb5\xd0\xe1eu\xde\xfb^3\x99\xe7t\xbb\xbf\x7f\xd0꽶p~q\xfb\xc2}\xbe.Foz\xe1r\x98\x97+\xe1\xf9.\xfb߳:1t\x8cY\xa7\x97\xf5w1\xe6\x93\xde+\\\xb8\xe9\xd5u\xfd\\\xf8\xe7\xe79ݽ8\x19\xf4\x9b\xaf\xf1\xccL\xb2\xfe\xf04\xfe\xe6\xe7eժU\xabV\xadZ\xb5\xeag\xab~\xb6\xeag\xab~\xb6\xeaoV\xfdͪ\xbfY\xf57\xab\xfev\xd5߮\xfa\xdbU\x7f\xbbj\xd5\xcf\xfe\xe6_\xfc\xed\x7f\xf0\x1f\xfeG\xff\xd1\x7f\xf8\x1f\xfc\xed\xbf\xf8\x9b\x9f\xad\xfa\xbb\x97\xba\xfe\x1f\xff\xf1\xcb\xff\xc9\x7f\xfa\x9f\xfe'/\xff\xc7\xff\x8f\xae\x97\xfe\xee?\xfb\xcf\xff\x8b\xff\xf2\xbf\xfa\xaf\xff\x9b\xff\xf6\xbf\xfdo\xfe\xeb\xff\xea\xbf\xfc/\xfe\xf3\xff\xec\xbf\xfb\xef\xff\x87\xff\xf1\x7f\xfa\x9f\xff\x97\xff\xf5\x7f\xfd_\xfe\xe7\xff\xe9\x7f\xfc\x1f\xfe\xfb\xff\xee/\x7f\xf9\xcb_V\xadZ\xb5jժU\xab\xfe\xf2\x97\xbf\xfc\xe5g\xabV\xad\xfa\x9bU\xabV\xfdͪU\xab~\xb6jժ\x9f\xadZ\xb5\xea_\xacZ\xb5\xea/\x7fY\xf5\xb3U\xabV\xfdlժ\xbf\xfce\xd5\xcfV\xadZ\xf5w\xab\xfen\xd5߭\xfa\xbbU\xabV\xfdl\xd5߬\xfa\x17\xab\xfev\xd5\x7f\xb0\xea?\\\xf5\x1f\x15\xb8\x96GY\x8d\xc4I\xed3\xe4\xbe}\x82Ǌ\xebuT\x005Ĩ\x90)P\x16\x16W\x82\xe3\xfeΖwz\xc7Y\x83\x89)eRUQ\xa6\x89zO\xb2\x1a\x02\x9d/\xaa\xb3\xc9x\xcc\v\x97\xce\xcb|\x8c\x93(\xc2z\x80\xd7\"fO?\x04\xccC\xbd\x1e\xb1\x1ffi\x0e8\xf1\xa5(T\xebX\xe9r\x9f\x96\xe1\xa4%(z:\xc0Z\x1e\xb6\x90i\xc3\xc7s^\xb37\x05&DA\x84\x82\x12\xc1\x15\x82:\xb7E\x8e9*\xfeb\xbd\xae\xb0$k\x9d\xc99\xd1/\xaa\x868\x83_*2Q\x99F\x80\x06g5\xc9}\x8c[䐃\xb2\x9a0\rT/1RءO\xd08\b\x1dP\xf8\x05\xa6͙4\x1f\xb9\xbc\xdc\xc5\xecl|_8煷ޖ\x9a\xf3F\x8d/\n\xe2e\x91~\xb3\xcciC\x00\xbd1\x04\x96\xb6`R\xd8\x04\x81\xacѹ\xb5\x82Ub܋\xe4hP\x1a \xe3yVB9\xe6-\x80\xd2/U%eD6\xa8a\r\xf5z\xadOH\x17z\xec1m\xf8\xa4\xa66\xf52\x89\xdcI\xa4\x7f\xf1\x13\\\xcaS\xa7\xb6QR\xdc\"a\xc9:\x85\xba1\xe5$s\xea\\-\xaf\x97\x95\x90\xe9\xc7!\x99\x16\xf5Tt\x9c\xdb\xd5k\x06\xe1\xbf\xf3\xeb\xd4e\xd5ϗPpj\xe2B\xa2\xaf4\xdc\xe5\x15SX\xd4\xd5r5\r\xa4\xf9\x10~\x8e\x92g\xb2!\xfc7\xa2\xce*\x10\x8e\f\xdc`\xd3\xf0x\xa2\xec \xe5Н\x14\xd6\x02\x9b\xf69ji\xeb\xacU\x83\xcf\x10wY'C\x1bS\x1ag\xe8^d\x1eyK\n\"\x8ae\xdev,\xac\v\xeah\x94@\xc07\x95\x9c\xdc\xf20\xfb0W\xb0\xe2\xf7\x9e\\L\xca\xf5\x16@#\xca{8\xf9\x10ض\x1bJ\xe5b\x969s7&-e\\7Cʁ\xca\xf9첐\xf6}\x9d\xa6\x8d1\xad\x91\xbf\x13>\xe2\x0eD\x1c;\xd4\xeb\x05~\xba\xb8\x9a\x01\xb7\x7f\x87b\x8e\xbd\xa3,\xb0\x18\x92M\xa2\xee\x8bit\x96i\\ؾ\x1dx>\x00\xfe*9.8\xdc\x15 \xf6\"\xb4,\xf4\x8e(I4\xb1\xacXĨ\x10\xca\xde9̫\xf8\xae\xf6\x81\vL\xc0\x1c2\x94\xab\xfaLEWAy\xb0\\e\x83\xc9\r\xf9\x05\x91z\xf1[\x8cf\xc1\x03\b\xe5\x16\xa5\xde@ʧ\xe4\xddb[e\xc2X\xfa@\xb9\xd5\xd6\x05\x99\xc7\\\x85zҡ^\xff\xc8]>M\xa9\x95\xfdX;b\xee q╔\vJz\x94\xb81\x1d5H\x18\xeb\x8bb\x9c\xe7\nb\xedP\x90:.\rs\r\xb9\x12\x8e\x8a<g\xf263\x96\xb9*\xda\xf8\x14\xbd\xe3\x84`\xe4|\xcc\x00\x90\x18\x1b\xc0\xa0\xb6\xb0x\x1b\xfb.\x82\xa92\xb9\xdaP K\x0e\x17\x89\xf2\x86T6g\x86nQ\x8f:\xe8\v\u0085i\xfc\x8a\xc2J@(\xc4\xe9\xdfX\x9bL\x1bλ\u05f9\xf0\xca\x16Ĩ\x1e\xa9\x98K\xc0\xf2g\x9e\x03\xb4\xa9\xb0ρ\xbc\x94ۂe\xc3r.\xd29\xa2\x82\xefd\xb90\x02ө<\xa1\x9cL\x99\xaa^h\x93W\x8d\x97\xdd\xe5R\xf92U\x8cO\xd74\x82$\\ڐ\x8a\xeb\t(*\x12ă\x9e)\x10(J>\xbd\xe6\xe5\xb2ӆ\xa3\xb8ƺ)\xf8\x02\xafr\xc9\x19\xab\xa8L^\x87S\xc5\xc4\x1cQ@\xb4\xac\xf5\x84Wu\x94RVӊ\x90۱\xb1Ψ \aYf59Q\xa55\x05\xde\fI>\xbe\xb2Oȱ\x9eT]\xc7H\xc5q\xd1?/\xbfq\xe7ͅ\xcdCV0\xa0\xeb\x94\x14t\x1b\xdb9\x03½Dj\x85LxEI\x17\xa1\xba\xa3\\\xe8\x94\x0f\xf5V\x8c\xae\xf3\x95\x8b,uRЫl\x91?ﲹ\xf5\x19\xf7\x90\xc1\x88\xfal&\rN\xae\xb4ȅw\xd5el4\"5\x9f%O\xd3FP\xd7\x00\x9e\x8c\xaaYQ'/a&G)\x00^[Y\xad\x8dj:M\x82\f3l\xaf'9%0\xfal\xb1\x83\xa8\x16\xab\xd7\xfa\tc\x02\x04^ЋS#\xa5\xefP/\x14\x8aVr\x1c\xfd\xbf\x0e`a\xc4L{|\xab\xa0\xd7%\"\xad⤭\xd5\v\x82\x935\x04\xfc\\j\xe5\xb9\xe1\x8a87\x92\x1bO\xd6\xc26(\xb2/>\x8d\xee\xf90\xa1$\x8d\x89}>\U000f4ea0\x8axj\x9aw\x18\xbcx\xfe\x1aF%\xe3ZT\xb0E\x92\xee\"/\xfa\x1e\x95\rT\r\xa3\"\x81\x1b\x15\x99DP\x04\xbd\xb1\xab\x18\xc1\xb9n\x1c\xbe\x04'\xc0\xc5:\x05R\xb1\xa1\xe4Wf,R\x16Z\xe0\xf34\x10\xe6\"\xef\x0fE\xba\x12D\xdc)y\x1f\x83\xf1\xaf\xf1G\x915.X6Q\x9d\t\n\xd2֙\xbe\x83\xe1E\xe2\x99\x17[\x81L\xbe\x14 vJ\x8a\xe3\xb8G\x9b\x90\raC\x14\tC\xae\xa6-\xa1\x8a\xa2\xe0)\x06`\xc8\xfa:\x15\x89 ݧ*9\x17\xe9Y\x90X\x00\xa3\xb0i\x89W\xfb\x95\xa0\x04\x04@\xb6'\b\xb4\xac\x0eRv\"\x8d52\x17R\xb3\x06\x00K.v8O\xf8\x04\xc3OE\x16.\xa1\xd1\xe0pt\x17&\x92\x14\xe6(rZ\xa4am\x04\x8a\x1b8\n\xc3^t\xaaH\x9aGA[\x96\x92\x8f\x03\x1c\x1c\x15\xa7\xd5P\x05\xe4\x06xV\x1f\x04\x06`\x14iUNs\xb3\xa1\xc4[\x06\xb0\xa3\xa1Xf^\vĲ\x16Y\xf4\x916܍k\xad(k\xeff\x04u\xdfP_X\x17\tQ]{\xf7\xc2KJ\xab\xb8\xa1\x841\x9e嗌\xc2\"\x92\xcd\xc6\x03\xf1?\x0e\x861I\xa4\xd9PJ\x9d)\x05\x86\x1dق\xb2\xda\x13\x15\xe4\xc8\xd0\xe5B\x9b\x82-fC\xba\x8f\x92͔9~C\x91$\x9c\x90Z]\xac\x91(@\xf4ĥ-\xac\x85\x14\x9cRU\xa5T\x94ټo.\xcc;\xb4\x8b\xa4˹i\x96cu\xb7B\xd5-\t\xd4.c\x7fM&\xb7x=\xe8\x1ep\xa1\x8a7_\xd0\xd6\n\xe9\xd4P\x13\x17\x93\x05\xe1Y(\xeeHP\x96\xce\b\xc3T\x90*|5\xe8ws\xf6#\x1b\x1f\fB\x8e5\x82\xf8\xbd\xae\x04\xbahn\x8a\xec\x1b\x15\t\xbe\xa4LU\xa1\xbcnC0M\xc8\xddI\xf0@\xb9\v\x01\x9e\xc7W\"ׄz'\xd0z\x1a\xc1\xf6rc\x05C`\xfa\x06\x8d\xf5\xb4\xe1)i\xccy\xf2\xdc,\xeb\v\xbbP\x9d\x1fX\xbc=\x859\x1d\xaa0\x1b/r\x9aww\xae\x12\v\xf9q\xcb\xc2R,\x90/\xc9\xf2\xca\xc4\x11\x14\x15\xac\x19f匑/\ad\x87\x1c\x1e\x9f\xf0\xc4R?\x84Q\xae\x82\x06\xa0\xcd\xf4\b\vm\x94\xa2 _W$\xbb\xc8˳\xb0\xa6t\x9dXy\xaa\xe0-5ʰ\x9cHu\x88(h\x9f\xf3\xec`U\xc2\x02(7<\xd4\xfb\xb16cT\x95B\x05v\x11OS\x92ǁW\x8b\xe8Ĭ.\x98\x14\xf0\xe75\xe6+h\x00\x8b\xd4gj1\x17\x9f\xfb\xb8\xc7\x16\xc7MO薐6\x8a\xe8ƈ2W\xea\xd5\b\f\n?\xcb5R\\\xcb\xe8k)!W\xef\x05;Q\xc1\\\xf64\x1d\xe1;+\xc8\xd8㧑\xael|q\x040S\x88\x92b%؍\xd2\xe0܍\xc9\u05f9\xa1.ӫR\x8c\x12\n\xce1\xc0\x14\xc4\x1a\xa4c\xad\x97\x90\xd9\xc2\t\xe6Ec\xad\x93i\xca&.\xc9\r\xa17\x05\xabC\xb1uGY\x96\x97\x98\x10**\xf8\xb7\xb6\xaeS\x8a\xf3\x94,s\xf0kҲ/ʞ\xb8p^\xa86a\xf2yM\xeb\x84\xcb\xe5Xo\x81\x82Aci\xf4L\x9b\xa06\n>\x02\x17\x10qՖ\xa7\xf0\xfa\n2(\x80\xc4\"\xcc2\xdb\x16\\G\x15\xee\xa5\xe7kJU}\xb78\x97Y@\r\v\x9f\xdb\xfbY\xbfD\xeb\x1cD|\xe2\xc9\xe5\"e\x91t\xcc?lf\f\x0f-3\xd2jE\x06.\x8d\xe7Gxi+\xd0e~\xfe\xfbM\xac\x01Y\x1a\x0e,\x8ć\\\x16\x05\x95\x85\r%K8\xaf#]\xe9\x89>`\r%\xe4\xda\xfc\xa0\xf9\x82\a\x87\x14\xac\xa7\x12\xf6x\x0e\x94'EI\xf6\xbe\x83(v\xda\xe8.\x02Tﳱ\xf3\xef\x820\x8eV\xd5nO\xb3\xa9\x04'\x1b\xb9B\fB\x95\xdc&\xae&\xe5\xa8\x1f\xf35\xd4\xeb\x13\x8b\xc3\\\x02U\x0f\xc5\xce\xd2Krz\x8f\xdaz\xa5\x01v\x1d\xc1\x05fW\x8d\xed\xbdr\xacr\x88\xf4\x9e\xa7%I\x1a\xfb\x9d\f\xce[\xac3\xff\xa6^\x8f\xc1\xe6\x16o\xcbj\x1f\xffD\x8a\xb6唊\xd5^\xc0!EE\x94/v\xf6\xe9;\xc4u\x9e\x8f)c\x14\x1e\xe4\x98n0%x\xd9\xfcN\x8e\xc8\f\xab\xd5{\x17\xa4:\x92j\r\xefu\x8c\tL\x93\x8aq\xd2\x17y\xe8@ \x83\x7f赚\x85\xe3\x04\x1a\x9f2\xac\x8edt=\xacUaB\xb5;\xfbu,͛\xf8\x9a+\xf8c\x14\xf4\x02\x87\x8b\x94\xe8\a\xec\x8f\xe1\x15\xb6x\xd9S.ve#\x15\n\x94ꖋ\xb9p`\xbc\a\xabc\xa4\x17\xa6\xe0\xd3\x1c_d;\x05Ȟ\x1f\f\xa3\xe2%r\xb1j1\xa7[\n\xb7Ǘ7H\xeb\xd8\bc\xf5(1*\xab\xc2\xe9\x82AU\x1a\x86\xa7\xc4_\xb7\xac\xe6Β\xc0)\xbf3yep\b\xfd\x17\xe7:\x9e8!\xe1j~)\xba\x9a\xef}\x82\xb5\x11TU \xef\xee\x93\xe0\x91\xd7\xf5\x84\x9c\x86\xb0\xbe\xe8TDA\x03<\x85\x1d\xb3,\x97\xc4Ќ\xae\xfc&,\xda(H\x1fQ\xc2I@'}\x1f\xa7:\x0e\x8e$\xcfR\xde\xe7L_\xb1얄n(\xac\x87\xc1\x9a\xf68L\xb1k\xfeXp1})5\xab\xf4U\xfd\xbdBK'\xb2!!\xe9\b\xf5\xf0L\xa8a\xad\xb9\x84\f\xab%C{\x92|\xff\x19\xfez\x91$\xc7I\xeeD=SD\t\xdb^Lʯ\f\xcb\xf2V\x05GI\x96\xa8ο\xc2*\xa7$\x12\xa8\x1aČi\xc5\x12\xb8\x988|\xebw\x88\xd1B\x058\xfb\xa2\x9e\x8f\xbc\xa5\xc6\xfe\xb9):E\x81\x81\x84\xc2dP\xe5\x03\x85\xd6z\x1d\xb6HW6\x15\xbe_\xf1^I\x10\xad&\xecEb\xc9\xfe\xa1\x82\xd9\x18\x98m/w\x850.&p\xd9(\x1c\x01LJ\x18\x16\\\xa8\xefHEQ\xd1\xe2!\xf0L\xc1\x03\xa9\xb0\x8f\xd4]P\u0603\xe4\"%\x96ŜjX\x1cx\xf1\xa8\xec]S\x1c\x9a^s\x18\x96\xd1W\x9b\xeb\n\xd3\xf6m$\xeco\x8bH!D@Z\x89*W\xa09b\x1d\x00lQT(\xfaC\x12F\x1d\x17\x0fZ\xe9k\v\x02Hi8܋\xa9\xe3\x1e\xd6#/\xfa(R\xdfЂm\x02\xd8\x06^\x93\x11Q\xa5Ӝ\a\x86\x0f\xbb\xa9f\xb0j\x85**\a\xa2\xd4םKE\xc2Jlf\x9d\x15\xef\xdeU\xd0\x14<\x86\x86\x15U\xc0tX\xea\xa8\xc2U\x8c31\n\xc1\x12\x13\xa3d\xbcnz$\x15T\x18G\x84P\x16{Z\x98H\x14\r\a(ay3\x90\xdcEA\x9d\x19\xaaHJ\x13K\xe1\t\xeb\xd0\xd1s\x86\xc97]]A\xba8h\xe99\xed\xcbr\x00^\x85\xba\t;\\T\x10\x15\x9ep\xa0v\xfbVQy\xc6s\xe1p`\xe2M\x01\xc1\xc0\xef\x16\x81\xb8\x97J\xf7\xc2\xecH\x03\xc9_?\xe0\xec\xee\x06\x95\xaaM\xc2\xc8r\x990\x04\xc1n\x14U\"vL\xc2\x1f\xb0R\x15HEQJ\xbb\x9e\xb5\xf4\xca\xc07\xbc4\xba\xb4.\b\xd8G\xfdC\xbd\x1e\x14\x1c\x0e\x9eV\xda\xf0\x1a\xb6X\x93\xb0\xfc8\xb6\v\x02wTT\xb4q\x951?j\x81\xbbD^\xab*r:!\x91\xf2\xa8\xda\x02\x1a\xca-\x99\x8dUO\x90\xf6\xb0\x8fW\x90\xcfj\x99\xb0E-\x89\xaa\x8a*XFE\x11\xc6\xda\n\x8dy\x88\x89\x1d\x06\x91Z]\xf0\x94\x86(\xc1\xbbD\xe5\x06\xf6\x0e\xf7\xb0\xf3\x82\x05\xf0\x18\xd9a\x18!\x14\x03$TW\xe4\xfd\x16\x18\xfc\x02\xedY\xebu\x8e\"]\xd9\xcc-\xbe\xfc9\bМ\x12/\x94\x01\x0f\xb88\xc4\v\xf2\xb4\x1d\xea\xf530삂\x13ʠ\xfd\x86(\b\xb8\xb6\x88\x89\x92-\x85\xbf\nQ=6\x95Ťl\xf0j\x16\xa0\x14\xe3\xe8\xaf\xeb\x8ed*%X\xcf,jZT\x1aD\"\n(Q\x81Q7:\xa4ܘM\xa6Ү\x80\x88\xec\x18%\x8a\xeb\xdb1q\xac\x9e\x15\x15\xa5~\xc5t\x0fp\x8d=\xae#\xa2\x17]\xc8<\xce\x16\xa2cm\xbc\x8c\x14\xd81\x107\x14\xd6EE\xba\x01j&L\xd1\xea\xf2~\x9dK\x86\xbd\xbf\x11i\x15X\x8d\xc3]\x99\xa48x\x17P>E]y\x01\x829RX>D\xde\x19\xc0\xc1V\x9c\xd9\x05Ijh((7\f\xfb\xfalW\xa3\x82\xa7\xa3\n\xa2\xf5pq\xda\xf4\xb1\xc0\x05\x9b\xf7P\xa3\xb7\x96\x81om\xbd\x03\xc7\x02\x9bp\xc8Y.\xd7w\xef\x82\xd5\n\x05\x95k\x19\x8f\xf62\x8d\x9e:\x1d\x15\x18\xec\xfa {\x9d66\xf1\xf1)\x14ώ\x97\xdfEu;\xc6\bˏ\x8fZ\xfc\x8a\xddoO\x11\xf4\n\xec^\x19\x03:<\xb63\xdd)\xd9\x0e\r\x1e=K|\x18\x12Ħk\xf4Qn)\x87\xf3\x9f\xea\\Z)\x94X]\xe0bu\x89\xa1\xd3NdE\x19\xa6\x88\u008c\xbd\x83\xe4\x00\xae\xe8\xe5\xa3\xf9\xf4\f-)|\xc3\x169JPU\xfe\x13\x8e#.F\xf7\x0eUn9\xfe/E\xecnl(\xb1\x97\x87\xd1\b|V٩(\xb2A\xfc!\xd6\x05\xe6\x19\x15\xc5A\x02\x7f\x89|\xa9\x11\x94\x80\xf24\x11\\\r\x8f\x01\x8f\x02\xe52h\x9aJǛ\x15ܸ\xa8 \xdf\x17\xfb\"\xf2j4\x8e\x94\xa7\xc7\a^#\xbb\xbb\x8c\x85\xc3\xee\xf2\x02\xc0\x13\xbe\\\x00\xec\x1b\x82PfOBޯ\xa6\x82u\x1ey0\x01VB%\x11\xf7\xc2\x19\xea\r\x15'aP\xfd\nw5C\xc45xx\x06]\t\x16\t\xe3m\xde\xdf\xf2чC\"Į\x8d\xf5A\xbb{S\r\xe0`\xb0\x90|\x98\xb0\x12\x192xE8\x10u\x17\xec\xd5p\xd0o(\xf5\x16\xf5{(\xb9\xe1\xd2\x1aQ\x9cM̍\x13\xcaq14')R\x94mѿ;\x97\xa7\x92\\>*\xffݝ\x7f{\x80\xfe\xdd9'\x95\xf8\xb7\a\xc3_~z\xb8맙\x13?\xcd|\xdf:q\xb1u\xfa\xfa\xf2\xb5o=a\xafy\xe3\x84g\xec5o\x9c\xf8\xff\x1e?\xfd\xff\xb9w\xe3\xff\xfa\xea\xee\xd2\xcc\xec\xd2\xdc\xc4\xd2é\xe5\xe9s\xed\xe9\x13\xe8U\x7f\xfd\xd8\xf2\xf4-|\xf1ʡ\xe5\x1f\xbej\x1e\x9ch\x9d>\xd8\xdcw\xaey\xf2\xca\xd2쟗\xb7\x1fk?>ښz\xda<}ki\xf6\xf2\xd2\xd3\xdbK\x0f\x8f\xac\xec\xbc\xd2\xdc3\xdb\xde;վ\xf0\xa4u\xe8\xcf\xcb\xe7\x0e\xb4.\x9d^\xd9ye\xf9\xc8\xe3\xd6w\x8f\x96\x9f\x9eZ\x9a\x99hݸ\xd8:vsi\xee\xeb\xe6\xf4\x99\x95k\a\x96ono\x7f\xb7\xbdy\xf9X\xf3\xe8\xd7K\x8f\xbei\x1d\xbf\xd5:8ݜ\xfd\xb2u\x7fj\xf9\xee\xc3\xe5\x89\xc9\xe6\xbeo\x9b\x93כ\xd3\x17\x96\xa7\xaf,O\xcf6\x0f̶\x1e\xdcn\x9e\xbeӜ\xd9\xd1\xfa\xf3\x8dֱ'͓W\x9a\aN,\xcd^o\xce\xec@\xa3\xfd\x1b\x97\xda\xc7\xce.\xdf\xdf\xd7:sq\xf9\xfe\xbe\xf6\xf4\xb9\xf6\x91ݸ\xf8\xd3s\xad\xed7ۏ\x8f\x16tB+\x8c{v#\xceS\r\xd7\r\vY\x94\x85\x89)Պ\x9b\xb83\x99(p\xc0\x92\x0eI\xd0f\xe8A\x8fh\x04\xbe\x16\xf2\xb6b\xac\bj\xac\xe4\xdavG\xe5g\xb3\xc8\xe9r\xf5\xb9g\vq\xa7v\xfc%D7\x00c={0\xd0Oe\xa2\v\xe7͌\x16AV\x87I\b\xe2\x15H},\x93\xc2d(\xa5G\xfdO¹\xfc\x82\xce\xd8\xe1EZ\x19\x00.\xed+\xa3\x99z\x17\xe7L\xbf\xf3\xb5\xce\xcfn\bY\x7fv\x0e\xfeE\xc1\x92\x15\xa6\xa0W\x19ι\b#\xb5@\xd6\x007u\x94>\xbbZ\xd1\nᶴ\x81\x93\xe5Id\xbe\x98\xd6߂yrX\xa9\xe7Ri\xa5\r\xf5\xe7\xda\x16\x04*\x1b\x103)\xc8q\xaaB\xd8P\xb3\xadm e\x15]kE\xa2ca\x9e\x9d\x8b\x9d\xaf+\x91\xf4b\fe`\x92%\"\xc1(\xf3\xa8b\xe3\xf0\xa3\x16o\x11X\xdeLWc\x1a\x9fHC\xdd\v+/\x98\x18K\xc1\xabV\"J\x17\xa9\xa8\v\x15\x8b\xaaV۞\x9dKi[\x01 \xeb\x8cR^-\xa2\xa0\xf1\xd9\xe0\x96a\t\x18\x83o\x80\x89w\x8e3\x19\xa0\xe4&\xc2\xd7\b\xfbE\x92\x89\xf0\xad\x82-h\v\x9ad1\xf2\xda\x16M\xb5wpK짡\xe56\x9a\x8e\xef\xe0\xc6ؾ)\xf8\f\xffy\x91\x7f{\x8f\x7fu\x8b?\xb6\xa7\xe8D\ue6d4o\xff\xe9©\xf0+|\xfe:\xffy\t\xbf\n?\x99)\xba\x92?\xe4\x0f\x1f.\xae3\xc1\x8f\xe1oz\x89\x1f\xe3J\xf1\xf5\v\x89\xccR\x9d\xe8؆\x16\xe0x\xa4[?]\xdc\xc1\xfd˯\xf0g\xa6\xf9\xef\x17\xf8\xef?\xf0\xd7oqs\xf4\x19\xfe\xe1\x85\xe2\x91~,ږ\xfb\xbb\xef.nq\xab\xe8\x1a~\xbf\xf8\xd5\xd4O\x17\xbe\xe2\x9f\xfcȷ\xf3\x8ft\xbc\xb8\x97oR~\x1dW\xbe8\x11\x1e\x15\x7f\xf9\x86\xdf\xe2\x00\xdfя؏E\x87\xf2\xaf\xb8\xc1\xf9ޢO\xf9%\xfe\xbf\v\xbe\xcf:_\xc1\x0f\xc2\xfd\xa2\xdf\xf9$\x7f\xf7\x04\xdf\xf4Fq\x97\x13E\xbbw?\x92\xb7\xfe\xaa_\xbb\x9f\xb8\xbdE\x93x\x9e\xb80\xce;~\xba\xb0=\xb49ǯΆ\xd1\xc6\v\xee\xe7F\xecǋA\x98,\xeeu\xa2h\xdc~\x81G\xa3\xd3m\xfdl1P;\xf8\xc3\xfey\x8e\x147\x9d.F\xcc?\xf9\x93b\xd2\x7f\xfc\xe9¾\xa2K\xfd7Ž\x8e\x14C\xe4/\xe8[\xc2?\xe5\x1f\xfa\xd1\xfe\x91\xc7ʯ\x87\xeb\xc5D\xfb\xd7\xf1k\xf5I1\xaa\x13<\b\xd7\xf9\xf1\xae\xf0\xd3\xfa\xaf\xef)\x1elw\xd1\x1d\xffJ\xb1\x9e\xfdZ\xf5\xb3\xb3\x97\x9f\xf6F\xd1\xc6\xfeV\xf1\x16\xa7\xc3R\t\xe3<\x1d\xde\v\xbf\xbd\xc6\x7f\x9e.^\xf0bq/n\xd2\x1f\xa6\xf2x\xf1\x90\xdf\x15\xff\xf4\x1f\xdeί\xbc#\xf4\xe3\xbf\xf0\xf0\xafV˅\xe2\xf1.\xf13\xfb\xbf_\v\x0f\x8cg>\xc0\xafp\xbfx\x9eK\xc5ҺY\xdc\xd4?\xeaM\x9e\\\xbeQx扠\xdf!\xc1P\x01>L\xbe։\xfd\x95\x97\xbb6\x15<\x96h\xab\x18\x15\xbed\xb1C`\xe1\xcel^\xcdb(+\xb89\x9cX\xe3\x96k\xf0\x81|\xef\x86!Q\xfc\xd6+J\u0084\x85\xbe4\x03}\xfd\xb8\xf2f\x7f\xe5\x82\x04dˆD\x12\x9b\xbc^\x867i\t\x15\\5Ͳ\xf4N\xa4>P\xc5U6\x89TV\xb4QR\x04\xbd\r\xc9L\xe8\x00\xfd|\xec!-\xc9G\x80\xf2\xber@\xb3\xa5.\x00/\xa9\x95\xc7G\xc5_\xbd\xf9P\xbd\xa8\xb3(E\x9d$v\xd11\xd1\x7fCxRI\xe82\x11\t\x9bCh>z\xe5\xb7\x1b\xbbM\xa7Z\xbe\xc3B\xb2\x0e\tBi\x8bg\xe1@\xf9w\x825\x88\x9d~\x01\xbe\xf5D\x1d'Qr\x05\x01\xbe\x01P\xa1l\x90\xd1\xf0\xf9]\xd6\xd1\xf4Ѷ\xec(\xefn(\xfd\xa2\xe0ܳ\xce[p䂫\x80\xf7\xa51\xeb\xdb\"\a\xcd\x10\x8c\x15\x12\xb7<.\xa1\x95lMf[:3\xf8\x890\xa81\xf4\f\xb0L0b\x9d\xa7\xc5\\\xf6p`\xfc\x9b\xca\xea\x12B唹$!}\xcd\xe3\x1c\x92\xb0\xd6w\xe0C\\\xf8i'\xab\xf8Y\x87\x13\xc6\xe9\x7f\xeb\xb4N\x94\x0e%\xb1C\x8c`\xf3UH\xc0ue=\x13W\xd76\xe3hV+f\x0fm(\r\xfd\x15\xc0\xc9\xc1\x05\x06\xb3&m\x0f\xbb\xde!%&\xb5ڤU\x88\xe98\xbcB\xfc\xeb0i\xdd\xec\xe1w\x12\xe3\xd6P\x96\xfbr\xce\"e\xe2\xdfHf\xf0\xa4S]վ\xeazuq\x0e\xafe\xddL\x11v\x8f):\x88;\xe7\x1d\x88\xb7;; t\x98D\nG\xf1\x04HK\xab\xb9Q\v\xe4\xab;\x19\xa8R\xa1\xb2R\x8a\x02\x8b\xc1ɸ\xe3\xd2\xf7v\xd8*]E\xefq~\xb2j\x0e\x80*\xce\xc6\aC\xa8\x99\xd5d\xaa\xad\xcej\x8d\"\xb1\x1b\x17yw/g\a2\r\xd7ȇ\x84`\x92u\xa8\x1f\x10\n\xf3J\xaf\x05\x9cH\x8c\x13\x94\xe1l4j\x8dLs\x93X\xdb\xe3\xb3ѫ\xd7\f\xb2J\x17C\xd8\xcc\x1a\xf1k\x92\xa0щ\xf7}\x8fG\x88ǴࠕX\xd02\v*0A\x1f#\xd6\xc6\xe4\xfc\xb3\x0e\xba\x8b1E\xb6\xc4\xf9\\\xa8\x17SLd=\xe4\x13#\xad6y\"UQ\xc3HI\xc2\x12\xde\xec\"\xc5q\x9e\xf9i\xd5\b\xd8*\\΅\x1aI\xfc63:\xb0\xccB=\xb8\xf4\n\t\x06Ww\x1fu\xacT5\x10sd\\\xeaT2q\x179nk\xd5ɱ\xf7&T\xcc~\xdcYkY\xae\xa4\xad\xe1*\x94\xb2\xf6\x83\xaf\"\x0e\xf3\xc1\xddl\x85\xb7\x11E\x1cφ\x84\xd7$W\xa5\xf2\x13tBŤ\xd6_\xec<(\x8a{VI\xa0\x1f\xc4^\xad\x93\x97\x81\x8d)\xa52\xe7\x82\x7fձ\x93]]\xefp\x94\x1a\xb9N\x9e\xd0\"4\xf7\xf1\x1f\xd21\\\x9f\xe4\x02\x96\xe3P\xb7[\x0f{\x90\x91\b~\x8f\xa1NF\xc0\xc3J\xc0\x8c>\xa6\x84\fwD+SC\xfb9/\xb4\x92(\tU\x81Һ\xc0$\xf2\x8a%a/xE\x00R\xa5\x0e;\xe0\xe5\xaeB\x17e0\n\x1c\x1d\xae\xe9\xe4\xb6Ũ:emWC\xa2\xde!?\x15\xb8\x16\xb4\x968\x83\xcfO\x1a\xb8h/wE\x1d\xcaG\xc1ǈ\"\x8f\xa0\U0007b543\xee.\xab\xd2y\xb8\x88E?y\xfc\n\xcd\x02R\x9fp\xf5|N\x96-\x88Oԃ+1*A\xdb\xe1Fo\xac\x1eż\x10\u0380\x8a\x94\x81\x1dTr\x8eGV\xa72\x89~\xc1p\b\xe3\x19A\xb5!r\x1ai;O+\n\xac\xc4m\x94x\xc2#\x80\tT\x1fscK[\xa0li\xc3p\xd6\r\xaf\x87\xe7\xf6\x94\xd3\xda@\xb16\x86D\xc1S]\xdd\x01\xb5YU\x14\xeb\b'\x18\xb7\x8f\x87\x0eQ)h\xa7'!\xcdl\x1a\xcct\xe3=h:\x96\xba\xf2b\xff\x8ew\xb49<\x1d\xa2\x92\xa7a\x8e\xc8Xԣ\x91R2\xaf3\xbd\x84s\xabx>\x8fO(\xddm(#\xe1\x06\x83\xfe\a\x80]\xaf\xf8%E\xda\xe1\r\x85.\xe0X\x1e\xb9*Љ\x82\xd0\x177:М\x8d5S\xce0I\xd2\xfan\xca\x06\xfb\xd7;&a\x8d\xb3:G\x1a{P\x9a\xb5\x19y\x9f\xa7T\x95!\x91\x8d\xb9d\xb9\xfb\xbe\x0e\xb7\xb8 <\xa5\r\x99\xa6\xb9\xcf\x1eV\xa0x\xcc\xf0.\xaf>6\xfd\x9fxk&U\xb5\xbf\xf3\xdd\xcc\x02\x8f\xc6\xc9\xc9\xcc,Ρ\xf8rQ\xbc\x91(s\xf3\vd\x9e5\xf7\x02\x88\xb4\x82\x8c+\xf1\x9e\xe9\x10\x8em\x91gH\x1b\xc3\x1d\x12\xa1\xc6\x17\xb9\xc56\xc07ã+\xeb̙U\xce\xeaJ\xe4\x1b\x11\xac\x15\xbeyD\xa4+\x1fv<\x85ߪ\x82\x87\t\x1c\xd4'\x1b\xbb:\xd4g\xe9\xc1GW\xa3M\xbaH\x8c2\x19\x80[=|\xe2\x1b\x9f2\xe7\x8ee\x81\x90\xe5,\xd8\b\xd1\xe6\x02\x85_\xebU\x1e\xb8\x1e\xd6\xd3r\xa4V/wn\x02\xbf\xc7\x138\x9d\x97b\x8dt\x05\xebK9\"cC\xf6>\x10\xc9LT\xc0\\\xac\xab\x97\xfc}'\x1b^P\x97c\x92\x85|@\xeaA_\xf84\xc5\xee\x1e\xea\xed\xf8%\xaf\xc8hC\xd47\x18\xc9h\xa8\xa0\xe3\xc6\xccl\xf2\xe4\x97\x0e\xf9\xd7z4\x18\xfb\xadP;J\x1bN{\x9d^fe\xfb\xee\xfe\xd6\xea\xee \xfe\xfbEWa\xb1B\xfd9|\x15_Q\xbd\x8d5\x84\xc8\xdb\x03\x90\xd8\xf9ՆÞ\x91\xacy\x11 ɏH(\xae\xba][\xec\x05\xf2\x1c\x04\xaeA\a\xe0\xec\x1bgxN\x06\xa0\xc4-\x1d/\xd2\xe6a[\x80#5B\xac\xe5ƄG\x9c\x84\x05\x16ʸd\x140ءN*\xd3S\x0e\xb0ָG\x1c\xfbW\x00\x1aj\xe4\x15\x8eB\xca\xdbz\xf4\x16\xc65\xa8\xee\t\xd3\xf0\x89-<Kh\x01\fu\xd8N.\xa9s\xc6\xdb_{ˏ\xcf\x15\xfc\xb5\xc2\xf3`u#\x18\x1a\xe6\xfc`\x14Y\x84\xe6\xa5\x17k\x12\x80\x12\x8f\xe9p'\x00\xe9p\xfe-ö\x9c$)2<d\xdf\xe9ذ\x0e\x99\xde\xfa<e\xce}c|\xf9(\xc6$\n\xd9\x05\xecs/5\xdd\xe1\x12\xbfĀ\x02\xb3`\x82{\n\xdbIE\x9f\xd2\x17L\xa6\xa0\xf5ͳ\xc3U\x8a\xd8\xde\x1dZ\xb7O\xe3\x8b\xd4\xea\x0e\xdb9\nl\x18W\xa3\x0f\xf3q\xaa\xa3ST\xb5P\x1a\x11\xa90\x14\xf9\x85\xe53Kȸ\x95\xbc3\\Z3\x18\x88\x14c³Ѹ\x93;\x97Pԥ\xdbP\xf2\xb4\x89w\x81\x1a\xf3o\xe1\v\x14\x963m\x04\n\x1a\xa2\x0e\x9d\x85S7\xef\u0603Ne\x85\xfa\xcd_\x9d.\x85\x8d\xed\n4\u0557\xbb\x82\x9f\xc8Z\xbf\xcc\xec\x95\xdbإ\xf1\xfb(P\xe6\x8d\x14\xbe]5\x06\x7fcg\x85U@\xba`\xdb\xd9\xd5I\x8e\x06F\bC\xfe\xb1\xf6>z\xed\xd5\u008a\xfa\x93\xce2\xab(\r\x11\x9a\xa79\xe1o\xfc!\xb6㫋\xf5\xb2\xba\xc3\n\xb6\xbe\x11\x04\xacB'\x0fc\x87X\x93\x16.\xb4?\x82\x90'a\xf5\x14|R\xfb\xc8\x06+\xd1gA\xf0{ߩ\x89O\xbfp\v\x9cVL,c\xeff4\x90\xceC\xff?Xo\x96?\xc6}CI\xca6J\x82\\8,\rė\xd9S\x84eU\x1a\xd9\f^\x7f\xbe\xb7\x7fA\x12\x8aXM\x86\xc5`AY\xf7W\xee\xf0\\\a\n\xe5\t]\xb1c\x81p\xd5\x13\xa2'\xa1\x12\xc5I\x03\xf8\x1bc\x06\xd9\\\x15\x95\x1b\x1d2\x8d\xed\xd0B\xfbaw\x12#\xc6DZI\xb5p\xebS\xaa8i\xa3\xdc\xf7\xce\xeb\xf0\xcf_\xd0\xfa\xad懶\x13靎w]&뼧\x9aubD\xf8\x02\x9ed\xc0\xfe\x95\xe2\x82\xf2\xa0\"II\xa7 \"\xf2\xa41\xec2X8O\xeaCD*\x90C\x11AW-\xa5\xa4S\x98bY\x8dR+\xaf\x06\xeaO\xfb\xe4\x93N,\x9e\xcab\xe5l\xf6\x91\x03Ի\xfc\x0f\x94\ue195g\x87\xc9v\xb8\x89\x18\v\xf2M\x18>D\x15\xb3G\b\x90\x8c\xe79J|#FN\x973C\xdeS4<_+\xd9\xd8ٵ\x9d\fo\xfdCO\xe6Ԧѡ\xbb\x0et\x8aV\xd0}8\xf89\x884\x89gЏ=\xda\xf2\x15~9\xeef\xc9r\xeb}\xa6%\x96\x89T\x94\x90H}\xa7\xa1\xcd\x1d\xff>(\xf9\xa9\x98 m\x16Nݠ\x8eQB\xc27\xf2y\x02\b0\x87\xa4\xb4g3\x91\xa7\xd02}hm\xe8\x93\xc6+1\x90;\xba2\xeeV\t6\x87\xf7\xe1\x90y\xee\xe4\xc3{rUh\xc8u\x1c\xcb\xe8Eq\x95\x88\x00\xa6\x1b.\xd2\bt\xf0\x12\xe8Bh\x80\xe5w\x80b\xcfW\xaaB\x91\xa3\x93\xbd\x8c<\xd3\x1e\xbc\x90N\x01C\xe4;\xa5\xf2q\xe0U-Ԇ\x12\xb3\x9bDT\xa1\xb1:\t\xe59N~\xfd`\xfc<\v\x19l\x96\x0e3bx#\xba\xd2sk\xb6\xa8\xb3$\xbc\x8d\xc0\xd6,41\x89\x15\x8e%\xebutP\x88.\x8f\xf9#O\xef\xd9\xff\xb8ǻ\xdc19\xa2j\xb5C\xfc\xb6\x86{\b\xc1\x82|\xd2\xc1d6u\xbc\xa0\x82B\\\x1a\xee\\\xf9\xe5\xde\x17\x94\x02߉)ҕ\xee\xad\xd6&#\xaf\xacY3\x18\xba\xaepl\xf0B\xdd\x16\xfb\x131{\xf8\t\xeeQ\x10Sl\x87\x83\x1c\t\xa6蓓q\x87[i\xeb\x8c\xdfaM}\xd2\xc1\x82\xa4\x8bB\x93\xceO:X\x81W\x12dL\x81\xb8\x85w\xe4th\xb1\xc0d\x951\xee\x93X\xa3\x0e\xb1\xb8\xc3g\xa7$\x88\xfe\xf4\xf5\xf5A\x14MGUQg\x8e\xba\x8f \x03g\x00\xfe8\x8b\xad\x84\xd5\xee\tV\x89\x15\xcav[2\xb2\xa2\xd5\b5؆\f\x16}W\u05ffO\x85\x7f\xea\vE\xb8\x05pQ\x8c\x12\xf9\x9e\xb0\x1c\a\x99845/<\xadQ\xea\x90:\xa2\x0eg+\n\xfa\x94\xf0\x8c\xbc\xd2#\xf0\x13KEDʙU\x18\t\xb0\xfb<i\xa9P\xd8y\xe9%\x1e{\xa0\"\x85\x7f\xa5s\x1b\xf4\xef$Y/I\xa7\xebd\xd0`\xc2\xcb\xe0%9\x85Nw\xbee3f\x15\x1e\x99\xd7\xf2\xa3JE\x1bg\x03M̷\xe3\n\xed\xe5\"\xa7\xb7\x14EJk\x91\xce\xf2\xfe\xf3\xa7A\xadS(\xcf\x180uJ\xde\xedx\x05#2\xd5>\xce\xeb\xecˢ\xf2\x8f\x911\xf2\xdf0\x88\\\xab\xa4tn_Td\"\x16\x92\x89d\xcfH\xd9L\xa2\x80\xc6k\xa0Zf1%\x81\xd5'\xf0\xcc\t{n\x05w8\xec\x00\\<\xee\xc4\x10\xa8\xdd\x01\x8e\xb4\xa1TD\xf4\xf0F2֢\xf41,G>\xa2\xf0\xfeG\xc97vN\x99\"\xe75vӆ\x8f\x94\x00\xf5\x84\x9c\x9c0\r\x1e\xc9\x18O\xc0\xb1)\xcf\x11{\x91\xb6F\xe4\xeaB\xe5~\x9f\xf1\xb1\xe8\x0f\xe6N\xf8\xb9\xbaSN\xb5\xe9\xaf\xe2\xd0(\xb0\x1cx\x85\xb1\xa9B\x93\x06\xc7a\x9bPQ\x90l*h\x17i\xa3\xb3}\xff\xb1C{\xed\n}\x89E\x95p6zd\xb1\xd0\x06\x8aD)*\xca\f>\x94\x94;RB\xb9\xae\x0e\xf3\xce\x13ƱB\xc343\x15#A\xf3\\O\x84$\xff\x96l\xe5\xf9o\xa88\xf5|d\xa7#\xa1\u0603/\x88\"\xafؠ\xb9ˑ\xa6\xa9\xfb\xf8\xd7WR\xe4\x99V\x9e\x81[\xf5e\xb8[=K\xad\xc3Bg\x1dl\x1f\xa7\xf4tXdo{F\x04Ͼ#\x03C`;U\x95ܐ\x94\xeb2ɾ8\x7f\x8b\x8a\xb4\x9e\xd87q\x06uSE\xbe/\x98w\xe8\xbb\xc7\u009a\xf4\xfe\xc0f&\xf1\xe3̓?$\x85\xea\xac\xce\xf5\xdc7T\x83\x97\x17\xba\xa1`\xbf~Lcѿ\x01-N\x14n\x89\x95\x9d\xaaϤs\xae\xe6E\xddh\xc1͉E\n\"\"\x1f\xb0\xa2@\xc0G\x89\xd9\x7f\x89,\xeapY\xf5m\x93'@U\xb4)\xaaZc2$\x92\xc6f\xa6\x9f\x04n1\xb7Q*\xf6\x87-x$L7\xf4%\x1dpY\xfci\xd5\xf1\x14\xd8\xeft\x88\x11Q\xd9\xe0y\\k\xa3B\x8d\xc9\xd7Z\xe0\xdc\xefPeaG\x82\xe8d\xd0\xf0\xc6\xfc\x82\x1b\xc2\xc7{o\a\x85\xa8R\x81\xb7s\x82\xc6\xc7`\x94zO\x87:\x05\xc0\x11*ȼ\x85\x83\x9ccG\xacLV\xd5\x06\xa73&\xae\xf2t\xe9ܱ\xeb\xab+\x8a\xaaړ\xc4\xe1\x1f\xc4\xc2\x10\x99\xb0W\xb1\xe3\xc1\x14\xee\xf4\xca\xf3\xf1\x8c\xb79\xb9A<_(\x86\xeaн\xc53*\xbd\xb5\x18+\xaaM\xa2NQ\xf5\xda\"S\xa3\xaa\x85\xc6n\xda`z\x1ds\xbfq\x0f\xdf\xf6\xabS\xa1m;$\xb5\xe8\x1dow\xc10\xf6\xa4\xc2\xfe\xbe>\xa6N\xf3\xcdC\v\xb3\x82\x13\xc3\nšc6\f\xb2\x8e\u00ad;U\rL\xbdy\x0f>W-p\x86\x85\xea(\xa9\x97\x86\xa5-\\\x98\x02\xc5\x11i\x88\xa3\x92\xbc\x1e\x1a\xc9a\xd3G\x85e\xeb\x1e.v\x7fԡ7wjl{\x84\x91\xa2\x9b\xeb^؛K\x85\"\x17\xf8Ec\xc2&\x9d\x12\xf9Էҋ\x84\xf3\xeaб\xf4\xb1\xa4_\x89\xf0\x98\x9d\xf6\xcd\x06|\xb1\xa3\xe7\xc7{\x16s8\x04#\xedə|2u\x98\xa9\x9d\b|\x94<w\x0e>\xa6\x85\xb5e9x?\xcbh\xb2\x19Z!G\xf0\xa9\xd05\x05k@g\xa4\xf8\xca\x15C\x9e\xedI\x89Ht\x16X\x90\x9e\x89\xec\xf7>/T\xa1<\x91\x1a\xe7\f\xe7b\x18\x00\xecx7\xbeq\"\xb7\xb0\xf3\xb8\x14\x9e\xaa\xdc`~,&\x93\x1d\n\xec\x03n>\xcemJ}\xc1\x14~[6\x05u=\xe0\xacB\xf9\xf5\xe2\xadh\x1cp8n\xdcc\xfdU\u009a\U0010abdel\x86ծM\x04D\x93\xc3\xdbD\xe7\xb6\xe2\x1b=\xfb}\x1e{\xdel_\xd4Ou\xfco\xf0\xed\x0e&\xd3\xdb\x018p\x92 X\xe2\x002d$z;\xaa\x02h6\xe3\xfdB\xd7\xc1\n2\xe9\x9c-\xe7\xa6Z\xeb\xf8\xe8/\x17\xba\xb1\xab+^_\x13\r\x1dC\xbfYF\xf8\xd8Wy\xb9+\xd2q,<\xdaT\xf6L\xfcHz\x8d\xf4P\x12\xe4\xbb\x1b\xa4\x8d0\xb9@\xc5\x19r\xc3\x1cm*l\xfb\xda\x17\x05'(\xc1\xc6ӱ\xf27\xbb:\xb9\xedH\x10D\x81\xb7j#1\xdc9\xd5:\xf5\xe9C\x014\xabh\x83y\xf7Ե\x1e\xdf\xfa\xaf\xd4\xdb\v\xa5\xf3\x90#\xc5@3ͱP{O\x1b\x121X,Bգg\xd0'QA4T\x9d\xecC\xa6\v\xe5\xc3\x7f\xff\xfd\xbf?\xfa\xef\xaf\xfc\xfb\x93\xff\xfe\xda\xe2vVy\xbb\xf3\xff:\x90\x90\x15\x06a%\xe2}\xf2\x1d6\xd9\xd20=\xc7\"R\v\x8c&V5\x13\x89泇\x7f\x9b\x97e\xf8\x9c\xf7\xbddPCc&\xcd\vf\x90\xedXV\xf2\xbd/D\xf2W\xac.Tqr\xf8K\xb6C̲\x86\n\x952F\xb7\xf8\x1e\x05\x85Wj\xee\xba\xc2w+jͤ\xc6y\x1e\x9eE\x97\x03\xf9\xaaSvM\x1d\xf2\x96e\x04\x12_\xb0>\x1f\x0f\v]\xf8/\x9d\x9e\x1d\xac\xa6\xe53Ɯ5ϴ\xc2y\xe4\x95\xf7\xfd[\xf23\xc7R\x8c\x8a4\x15\t\xb2\x18e\xe8\x14\"\xf4\x16\x9e\xfd\xe5\xe9V\xbe\xf7\x86\xd4\x1d>\x9a-t\xe8\xc8vHK6T\xfe\xd16Q\x88*P1.\xb1d\x16س;u\x9c߅\xb8\x04\x19\xeeqR\xcdi\x9b\xc7\"%\xa7\xdd\x03m,d\x9b1\x06\x1d\xf8\x1c\xfal\x89\x1f\x97\x8a!\xfe \xde1\xc8*\x107I\xc5\xc3\x10\xeb\x15\xddg%\xa2\xdb^]\xea\xf9\x8e\xf03\xfc\xedGh0\xcd?z~\x98U\x94f\xf9\xa7{X\x13\t\xbaS\xb7\xe7\x9f@\xb3h\xfe\xde\xfc\x93\xe7{\xfeZ\x97\x8aU\x91f\xf9\xbfбz\xca:Ss\x1d5\xa9;/\xf4\xa8\xbc\x92\x13\xdf\xe5A\xa1\x9d\xf4|G\xe7\xb7\xd0\xc0\x9aam\xa5\x19Vm\xba\xcf\x1aX\xfc\xa4\xf8\xdc\xfc٠]5;\xff`\xfenPJ\n\nQ^\xdb\xea\xf9\xe1\xf9\a\xac\x87\xb5ӿeGG\xeaaP\x9c\xc2\xdf\xf0|\x13<\x06\x8f\xe6\x1f\x87\xa7\xbf\x1b\xb4\xa7\x1ev\x14\xb2&;\x1aP\xb7\xc2h@/\xeb\x91W\xfc\xc2'\xf8\t\xf1\xad\xf0\xcc\xcf\x0ftT\x9ep\xb7\x9d\xcf\xf7\xb0\xc2\xd4\xd3\xf0\xbew\x9f\xef\x81n\x17\xebh\x85\xbf\x05}'\xaf\x97\x85\xefA\x95\xea\xc5}\xf1\xf4Ox\xd4\xfd3{E\xb1G\xacZu\x8fGr&\x8cs\xf8\xee\xfc\xbd\xe7;\xf1\x93\xe7;;32\xc7\xda_^C\xean\xe7=\xee=\xdf\xf1\x7f\x9b-\xcc\xf1\fF\xd7_/|n毮\xfc\xb0x\xeb\xe7;\x8a\xdfB\xcd\xcb\xebS=\xdf9\x7f\x8e5\xaaf\x83\xe2\x18\xb4\xb0\x1e\xcd\x7fӹ\xc7,\xcf\xe8\x9d\xf0\xbcO0\xa6A\xd1\n\xf3\xf18\xcc~\xa1J63\xff\xa8\x98\xcb\xe7\ax\xdex\f:\xe3\xf7\x84\xef{\x8f\xf5þa\xfd,\x8cɅ\xe2\xbe\xd03ó\xcc\xdf먁A\xdb+\xac\x9c\xe7;X%\xec\xf0\xf3=a.\x0f?\xdf\x1d\xd4\xc3v<\x9f\xe0\xffa_\xdc\xe25\te\xb1\xc9\xce\xf5n͟\xe9\x8c\x06?\v\xbfI\xb1\"n=\xdfźf\ax\x8en\xe1Za\x96'\xf8m\x8b\xcf\xf9u6\xcb\x7f\x0f\xaa^\xcf'\xe7\x1f\xf9U\xeb\xd5\xcdx\xdcg\xfcߞ\x1f\nk\xe3\x11\xaf\xa3;\xbcv\xa1A\xc6χ\x9f\x17Zs\xcfw\xf2\xdc>\xc6\xdbt\xd6\xfd#~n\xbfv\x8f<\x9fx>9?3\xff#T\xb4\x16\xae-\xdc\\ܻp\x11'EP\x05\xf3\xff\xf5\x1ab\x0f\xa1\n\xe5ե\xbc\xee\x17\xabpM.\\\xc7o\xa1B\x05\xa5\xad\xc5]A\x0f\xabP\x19+\xbe{\x7fqj\xe1\"\xebUm\xf7?[ܱp'|\xe3a\xd0\xe3\xba\x01\xe52V\x90\xda\xc5'\xd65\xfcm\xe1\xda\xe2\x8eŽ\xac\xd6\x05\x05*\xaf'v\x97\xb5\xa7\xa0\xac\xc5jV\v\xd7\x16\x1e,N-\xee[\xb8]\xa8\x84-N\xe2=p\x95\xc5\x1d\v\x0f\xa0\xaa\x85\xeby-\xb3\x85م\xab\v\xd7\xf0\xad\xc5}\xf8\xf9\xe2.ֵ\xf2\xef\nͰ\xe9\xceh\xec\v\xcfw;|n\xc7½\x85{x\a~\x8eɎ\xa6\x1a\xae}\x83?\xffC\xa1\xc7V\xbc\x1b\xbfM\x187V\x17\xf3\xaae;\xf9\xb7\x0fp%(\xa9\xf1\xbba\x84n\xf2\xfb\xe0\xf9\xa0ҵ/\xa8\x80݃\"\xda\xc25V\b\vc\xb08\xb5\xb8\x83\xb5\xb7v/\xdc\xe4{M\x06\x85.|\xee\x1e\x8f\xe4\xe4\xc2\xf9\x85\xdbx\xa3\xc5\xed\x85\n\xdc\xe2n\xff6^I\x8c\x15ۮ@۬3\v\xf8\xdc\x1d\xd6\x12\x9b\x84\x92\x19T\xc7x\xecqǽ\xfc\xdb\xf3PG\v\x9f\xc3ݮ\xfb\x91\b3}o\xe1F\xb8\x1b?MP6\vc\x1f4\xe9.w\xe6\xf8<V\x06T\xe3\n\x95\xb3p\x95i\x9eK^\x7f\v\x97\xc2\xfb\xee\xf0\xb3\x88'X\xb8\xb9peqrq\xc7\xc2\xe5\x85\a\x18a\xacą;|\xd5\xdd\v\x0f\x16w\x84\x15\xe6\xc7ܯd(\xabA#\xeeZ\xd0>\xc3\\\xde\fJy\x0f\xb0b\xecۍ-\xa2\nU\xa4վ\xd5\bg\b\xfb_\x90\x16z\xaa\xb2\x12~\xea\xcfe&\xbe\x15]\xae=\x17.\rAw\xe9E\x16\xacS1\x06\xe7ߋ|IU\xf5\xfc)\xbe\x18\xa9Qi4\xb3SB\x8e\x8di1\x80d3\x83 \x93yE\xf5D\xd8\xda`\xa7\xaa\x1ce\x11!\xd58\xd4\xeb\xd3\xe0\x1cI\x023\v\xe9\xee\x90\xfc/Xk\xe4\x18dfd\xbf\xc6M\xb2_d\xa3\xd7wd\xbaJ\xc3}/\b>\xe4E\b\x109\x04\x82\x8f'\xe2X\x17\xb2B\x9b\x828Oh\x87\x13\xe2\xee\x8d\x01\xd1dZSA\ra\x1d\xe1,D\x91\xe4B\xbf\xe4չIW\a\xfaE\x1do\xc1\xe9\x10\xeb9=ݐZ\xe6 \x84S2QB\xde\xe5\x97Z\xady\x81d\xbdȳ۞_\x7f\xf2\xab?\xb1\xc6֟:^\x92#\x9f\xbc\x1b\x82\x98\xf6\x8bL\xcf\xe0ЋlI-W\x89!\x0e\xbb\xba\xba\xde/\xca&}\xbf\x18\xe9Sm$\xccz$\x95\ac\xdda2\xfa\xfeˑϼ\x97)\x85[\xbf\xa1\xe4E5\xf8\xd1\x01\xcb\xfc3\tx\xe5\x1d\xa1\x12J\xb2\x9avA\xe4\xa8P\x90\x01쐺A\x9bg\xa06\xfa\xc4\xcf(\x19\xdb\xf8\x98\xab\xa3p\x01[\xe82\xc9Q\xaa\x8bq_\xbf\xb7\xa1dǤ\xdb\xe6?\xf1\u038b\xe9\xee\xa8L\xa5P\xef\x0f\xa22\xd1PoѲi\xd8\xd5\x18\xe1+K\x93\x18\xea\xa8]y\xfe\x1a\xaf3\xccT\x91g\f\b\x96$\v\u0088\xf5?}\x91\x81\xb5]/u\"\x9d\x17L\x91\xa4\xa8x\xe3NQ^\x89L\x92-t\xead\xa1\xd3\v:A\xf2Ƌ%\xf7\x02\x03\x1fd\xb0\x97\xab\x92Q\xf0\\\xb4/\xe11\xf38i\x11\xf5WpE\x0f\x1bFe\xdaX\xa9r>\xc2yh8\x04s\x1f\tWCgdmV\xdb\xdc0\x15\x91Y1\xcaGle\xf2m\xb2\x82 \x06n\x82\x8c51!\x87g)\x19zA-bdŗ<Jn\x19\xca\x10\x9aT\xa3\x1chF\xba\xb2\xa6\xa7\xea\x97\xf8\xea5\xec\x86s\xa4\x95\xbeC6\x93\xac\x9e\x00\xdd\xeeΘy\x90\x99\au\\\x14\xf9V\xdf])\xfc\x14\xc0\x87\xdfd/\xc0\x05\x0fGp\x90[t\x04\xe1\xf2݂\x96c\xcb\x1d\xac2Bg\xf9\xb0\xc9\xdey\xb1\x87\nݪ\xb4\x11\xf5\xbc \x00y\xa2\xa9ghvx\x806\xa4 9\xe5\x1dXa<P\xaa\x11y\x1c(\xe9\xe0L\x91o\xbc\xc4\x1fH4\xd3\x03\x90r\xf9\x88\xdbDD\xc8\x1b\r\xbd \xb8\xbe\xb0;Q\xe6\xdbd\xe3\x12E\x85\f\x1b\x90\xa8\x10s\x13\x86!\x0e<\x0f#I\x1e\xa8*\x829t\x8c\v\xb8\x1a*\xf1\x90\x94\xe7\x7f\xbc\xd0\x1bL\x1b\xdc[\x90dU\xb9F\xf7\x8bd\x1f\xc4\xd7\xc3\xc4\xfa6\xad\xbc:0\xfaiJ)jcu\x8c\xb1\xc1Jd2\xa5dl\xc0\xb3\x11\x99\xe4\xf4))!\xade\xb3\x1duxN\x81\x12\x86\xe5\xe9{I\x84\x04>S\b\xc2\x1c'\xe4\x8b7\x99\x92bM\xbc\xa1\xd4;\xf4\x82\xde\x18R\x1c\x85HKX\xa9!REf}\xa8\xb7\x93\xe0+\xda'\xc2>\xc84\r\xeb!\x14\a\xb2\x1c\x1c\x0e\xaa8\xe4\x0eB\xbe\x80\"ߤ\x9a\xc1\xc0\x1e\x7f\xa0}\xac\x13\x12U#}\xff;\xda\xf8\xc2\xeet:X\x1a\xeb\x93`<Y\x1fyT/b\xe3]\xd4\xcdF\xab_P\xb01\xbe!\xe9\x1eDv\xfa\xfb\xfa\xfe\x95T\x1d͋\xa1\x17\x94\a.\xf3\xc4,o(\xad\xe9\xe9\b\tu\xf6\xbcV\xbfQE\x86**\x1a\xf6E\xba\"\x82*\x91$[6\x9e\xbf\xe3\xcb\r\xff*\xb1\xe0\x913\xd6zJ\x85\xf9\xff#S\xd8\x0f^\x1c\xe3\x05-\x9dׯ\x8fع-gĖ\x9dY>\x9d\x8c\xf7\v\xc3\xd5\xff\x02\xfd\x8f|\xab\x1c\xbe\u009a\xc1\xa1ް\xd8;\x82 \x94x\xe5\xb7\xc8\x12\xa9@ \x156Bz\x9e\v\xf3\x85\a0\x98\x15^\x1a~\xc1\xd3g\xf05\xb4o\xc2\x17\x02\xbf\xe1\xe7\x1d\xbc\x05\xdd\xfd\xa3pv\x16m\xf0\x804\x86\\\n\xe3\xb9\xf5\xa0\x0f\x91\xbc\xc8\vD\x81@\xe7\xb3\xf9V\a\xc8z\xa8\xf6Z1-\xb0\xd5\xd2\x13@L!YPn\xbc\xa8>xQ\x0f\n\x13\x14\x15\xc9\xff1/0\xe8\xf1\xb8l\xb8\xcb#l\"\xfe<\x97\xe1`\xe5\x1b\xf13dܱ\x88\xf7|\xc1?\x91Z\xfd\x91[k\x80K\xb6\xbe8\x00\"\xa9<}YV\xbd\xccE\xa8\xd5H\xd8(\x80\xd1\x03VK\x02\xb3ƺ7\x1d\"~Qs\xc6\v\xa8\xc3\\\xef\xe9h⥍\x0f\xfeʘ\xbb\xa8\xd0|\f\x85s\r\xc6N\xb9\"_(gC[2~\xfb\xb8\xa6S\xc1$t\xdf\xcc.0\xba=\x14\xc3\xd4QS\xe4ΰߴal>\x1b\xef$w\xd9lz\xacQD\x1dE\x1b\xc1\x92;\xec\xfb\x14\xcd<\x80\x85vX\x91QB@ƼG\x15\xba\x85z\x85\x8c0$\xbe'\x9c\x8d\xb9\x11\x96\x13\x9d\xec\x19y\xc23\xebu\x8a\x0e\xeeY$\xe87\x94P\x12\x1bY.\xb3/\xba\x8dz\x82P%\xf4\x16b\x14\xdbO7\xd7\xe1zv\x857\xfeܵB\xaa\xa8\xe0\xebX\xcd7\xe5G\xf7)\x03\x94\x1c\x17]:\xa1\x98ì\\.\xa1/z\xfe0e\x87\x9b\xa5\xf38x\x05R\f\xf5\a\x9b\x7fS\xf4Ib\xf1\x1bmT$ՋtV\xe4\xd5EXM$4\xec\xaa3\x87>\xea\b\xa8q\xc52/\xcb\xf5\x1d\xa9\xc3\xd5Xp<$\xca\x15\xac\xf1\xc2\x12x\t\xa1ޭ\xb6h\xb4!mT\x14D\xb3Z\x18y\xce\xd2\v\\X\xba(\x0e\xceȋ\xa3\xae+`\xd3X\\/w\x15Mh\x86\x02-x\x8b?73\xe9\xedN\x8d\xa2\"1W\xb4̈́|L\xc1P\xe0fq~uy\x87Hy\xfa\xa1\x17+\xe4\x97\xf3l.\xfe\xa9ӑ\x15\r\x9e\x84w_8e\"\xea\x10\x91\n\x8dT\x1cu\xe1g1٠Ł\xaf\xbdpYm\xd15N\xaa\xea\xfb\xbe\xd1\x17vS\x91\x8d\xe7Ԙ\x97\x04\x95i\xc3+\xa2x\xbak!\xb7\x936\x8a\xbe`\xae\xc6G\x84\x13̫\xac\x04\xfb\x8e\xf5\x1b\xe8{\xd25j\xbe\xd4!b#YP\xc2lѹ\xb5&\xb3\xa2yO\xa4\x15o\x7f\xef\x94\xd9\x1a\xb6\x8e/q\x17^\xaa\xb4&\\\x85\x93d\xfc㢧\x18\xb64\x93\x149+UzA3fN\x01\f\xa8]\xcf\x12z\xfek\xaef\xbc\xf4_\x8d^\xb0\xb7\xa3 \x8f\x1b\xe9\xdci>\xf19\xdf\xcb\x1a\aţs\xc7W\xaf\x86\xebI\xab\xc8\xee\x06I5\xa9\xaa5\xefM\xcaQ\xc2Q\xfeAhHW*\xfc\xbb\xa1^\xa9:9\xde\x17dI^0\xa1آ\xab\xeb\xaf\xfcɎdꋳg\xc8\xd7.\xbc;ʔ5ߪ\xabFQ)r8\x14݆\xd2g\xb10,ߦs\xc7m\xd9t\xa5\x93Ȏ9ˇ\xcf;ɿ\xd9\xf4\xe2t*jc\xa4\xaa\xfaD\x15/Ϗ\xf2\x8e\x13\x89CJ\xaa*\x86\xf8\xc5a9\x00\x8b\x1e>\x10\xbcW\xfc\xab.\xc7\v!\x8f2\xb91\xf2\xe2\x19E\xa37,\x8d\x8e\xd0t\xda\tiG)zA\x02-\x12\x04̶\rg\xd6(\xf5\xbe\xb3\xe5\x9d\xe8\x7f\x87*@\x10kŊмmT\xdc\xf0\xac;\xd6\n\x8ct%Pİ\x7f\x93\x17\xfe\xfa\x8b\x84~T\x04A\xb9\xa1\x9e\x8e\xda@\xc4\xc2\x13\xfchv\xe3\v\xe7\t6*\xf4\xff)(V|\x8a\xb0*u\x95\x94c\xbb\xe9\xf5)־\b}\x8aR\x17\xa9\xaa\x9f\xfc\xdf\x10\x81P\x9cg\v5P\x19\xc42\xfc\x8dE\xb9\x8c\xb3\xc1\xa7\xa5\xab\x05\"`;9\xa2\xe8E4\x1e\x15\xddP\v?\xd5\xf2f\xe0\xfc\xbcw\x17\v\xb27\x1f_\xc5\x19\xdc_4\xf1\x8et\xe5\xfd\x17F\xb7\x06\xfbjBuZT,\x14\xa1\x82n\x91\t\x9e\x02\x1b1\x9e\x00\xbeY\xf4\x82c\xfeWDg\xeb7$\xebr\xc4By!\xaf2\xbd\xa8ϳN\xff\xea\xa3-\xbe\a\xdc\xc6\x17\xde6\x1c\xe8\u0b7cہ\f\xd6r\x04\xc8\x0ee\xa7\xef/\xee\x85eX挰_%(\x1c\xab\xb1XK\x8d}\xb1\xa2\x1a+\x04\xaf\xe4Y\x8b\x1f\xb1{ˋ\x96i'a\xa0:\xac\x19\xe5\x85\xfd\xd8\x1d~\xc1\xacd\xbaa\xc8\xd0\xdb\xd8\x10\xf9#\xe8\x83\x17\xfed\xc1&\x84\xfd%\x1b3\xe3\xc2Ya\xa8H\xf8u\xe2\xeeѿ\xaa\xe5\xb3ы\xbaR\xb6}\xfet\xf5+\x8as\xaa\x1d\xc9\x1b\xf6\xefY\xe8\x82\xfe\xba\xfe(b\xba\x8d\x8f\xd1\xf8\x85\x02\x85\xa8\xe6\xb3\xe00\xfc\x06\xa9]\xa9\x84rE\x92:\x16i\xb9љ\xe3\xa2\xe0\f;\xbc\xa6\x8d\xebNa\xc4:vK\f\aO\x17\x9b\xc0\xa7\xaf\xa5s\xc1\v\xf2^<\xce9\x912\x95D\xfa\x8a@\xf2j\xc4,\x1e \\\xc1\xf1\xc0\x92{\xe1p\xae\x1d\xea휬\xe4\xe3s\x0e\xab;\x16\xe6\xd5\x0f^\xc4\x17/*D-\xc7\x00ݜ\xa7\xeb\x89:\xc8Hآ^ʵ\xe3\xb5\xf9R&>\xbe\x8a\x9eڑTLH\xf6\x0e\xdc_U:ڼ\\\xd4\xe1\xf0-\xfc\xd6\v\xad01\xdf\x1dat\x94\x12\a\x91=\x91\x16\xf5ph\xbf+\xd34p\xe9\v\x91g\xefLW\x8cf\x1e\x80\x95\x8e:\xa5\x93pl\n֓G8\"\xc1\x1cCke\x96Ɏ2\x7f\x8a\x9e\xaaE\a\xe72\u05fc\U00093c60\x10\xaf\x8c1_O\xc0\x03P''B\xd7\xe2-EM\x88H_P\xe7\xed\x96\x17\xa1QA\xa2c\x85\x9eP\x91*c\x99tVɋ\xfaN[\x14\x1fIU%щ\x16\rձ\xb00\xb1\xa1\x87r&\xaa\xf4\x82\x12\xfa\x8f\x1dn\x9cT\x1d\xdd}J\x02\x0fR\xa4V\xfb\xff\xf2\xda\xe9T\xfd1\x8d\x8d\xb5-\"]\xf9\x88s\xc8\xec\xa3\x14r\xc2\x7f\xc5\x05\x93ZI\x1b4\x18)\x19zQ\xceX\xa8\x0er9\\\xa7\xe8\xb4(\xaf\xdbFI\xd1;;\x92J\x04]L\xe63&Q`\x1a1i\xcd\xef\x13K\x04\x93\xaa\xb9\xc1!\x82\x13\x9e\xb7OX\xa1B*)\x14\x06<H\x131\x9a\xe4\xfd>\xde\xd2\xd8\x06Z9\x1d\xb1\x8b\x169\xed\x15\x87\xf8\xe9bV\x92e\xe1\xcdB(U\xa6\x8d\x0f:\x15Ak_P\x10\xadc9#\x0e\xdcl^.\x9c\x90\x0e.'\xd2\x0e\xa8)\xd2N\x8e8mx\xed$S%^FeCbįI\x0e\u0604u\x9dn\x13\x91\x88\xc6멲\xebuu\x03\x9a\xe9w\x8a\xc8\xfc\x7f\x00<n\xea\xd4\x1a\x06\x11q\x1e6\xb0\x14+\xc27\x98\xc0\b0\x81\xa6\xfa\x82\xc5\xddU4\xe1\x80M\x156\n1\n\x0f'KЊ\x82\xd5\xc1\xfa\xb7u\nfУj|\xe2\xbc(ҋ\x84\xf7``\xe9\x19\xc3\xf3\xe3\xcbn\xb3\xe5\x83K\xa8\xa8\xa8\x19y\x01U\f\xbe(\xe5_\xeb\x03u\xe6\xf08\x1d\x8d\x10e~\x8e\x8bJg\v\x03\x18q\x0ft\xebW\xf2\xff\x8f\xafw{\x8e\xe38\xf3\x05\x9f\xd9\x11\xfc\x1fr\xda\xeb \x18\xc6E\xb4\xcfn\x9c!\x1a=AQ\x92\xcd9\xb6\xa4\xb0\xa8\xe3٘s֑\xe8\xce\x06R\xaa\xae\xc2TV\x03\xec\xb1\x1d\xc1\x8b)\xeabZ3qL\xdb\xeb\xa3\x19I\x16(Ҵ.\xbc\b\"(\x8ad\xc4z\xf7\xd5\x01\xbc\x81oR\x84G^\xff\x17\x1b\xdf-\xf3\xcb\xee\xf6>\x88\x02\x1a\xd5UYy\xfd.\xbf\xef\xf7[o\x86E\xfb$;\xf1\xbdQ#:\x99\xa6\xa90\xe0\n-\nˌ\xc1\x85%E\xc83\x8c\x8aq8\r\xe42m\xb1e\xc7䛊\xa2,\x9a\x128\x11\xb1ƚ\xfb\x01Y\xfd}0\xc4q+*\xe4\xff\xd4F\x9d\x03O_\xb3\x86\xd0\x1a\b4\"v.\xb3\x04\xe8-\x82<\x14\xe3\xa7SN\xe2p*\x7f\xe1!t\xc5x\xbe\x9b\f\xce'RM\x05<\x96i\x10\x19\xba\x0fc$\x95\f\xec\xe82}\x8e\xe8\x8fg@\xc7P\xa3\nl\x9f\x01\x84\\\xca\x11\x8e\x97U閑\"\xb0\x83\x0e\xa8鹢@ZW\x02\x89\x92\xdd\ak\xab\x02O\x00fV\xb5\xc5\x04\x83hP\xe0\xe1N\xb01.\x19\x87\t#\xa2\t\xd0%\bլPq>֥\x99S\x12\xdfo\xb0Ɣ\vT#wm\xbbˋєUC\uf1b1t?\xa0\xb3\xd5\xd6\x0e6\x85\x01U\x14Y3\xc4\n=\fM\x1d\"\xb7\xfbp\v\xfa\x97O\xb2\x81\r\xb2A\x8bZ.l\xaf\xb8.\xd0\xe0\xe3\x1a\x1d\\\U000d52767\x85\"\xb0϶\xc8\xfb\x85C\xa2\x8e@H\xf4i(1Q\xbb\xd0p$\x92\xd7q\x00\xbf\x1b\xf0K\x81\xfc d1D\x96\xc0T\x91az\xe9\xcc\x12\xda<X(\xe2>\x1fUq\x1a\x83\x04\x8dU\xc9(,\xf6~;\xa8\xad@\x15\x1c\x89A\xe3\xb8@C]\xd9D\xe67\a\xc2\xfc\xbe\xf0\xab\xb5\x1f\r\xb1B\x9e\x8e:\xcf\f\xa9fu\\:\xd7\xe7=5\x15\xc0b\xfca\xd3b\x81\x8e\xad\x9d\xa0Oр\xa4w\x15Il\xd8Ă\xb1\xb2\xbd\xae\xbb\x8a#.\u0098\xe1\x13\xef)ꛬE\x7f\xa8\xa9IU\x19&-Ű\x8c/y\xd4\x17\xfav\x1cY\xfd\xa1p\x92\x0e\xc8f\xdd\x11*\x16+\xf7{)eF>\x19\xad\xe3\xc0\x8d)Ƅ!'\xb8v\xe4\xc6g\xad\bdw\xc7-\x88\xd4?\xc8\v\x80\xf1C\xe0-c\xed\xab\xf2{\xb0\x02\x9e\x83\x93(\x18\xa9\xc8\x16]W\xb3\n\x90[̛\xd4Ր&-*\x1c\x8bgI'\xa4\x9cdt\xf2b|\xc0\x9aț\r\xfd\xcbm\x88<\xa3\xbe\xe1\xe2\x02\xe4?G\xde<4\x85`\xaa\xf34\x10\xf4#\x86\xb1\xa0Aj\xf1bˢ\xe2\x0e\x1d>\x8cZ\x14@\xb7\xa9\x06\xcf'\xaf\x994;x\xb5D\xac\xfb\x96\xad\xa9>84\xabc\xea\x1a\x86\xed3\xfc\x94\x99\xb9\x18E\xbcQ{\xe4b\x97z\x7fV\xefh\xa8\xf8\x06\x1f\x85d\xe0E\x8a\xaa-\xe2ң\xc2\xc1SM4F\xc4\x173\xbe\x14\xdf\x14a~p\x99yq\xf1\x05\xe1H\xc8И\xeb.\xdaFU9H\x84\x00\xf0\x1d>ǣ\f\a\xc0\xed\xcdzU\xa2eê\xed\xf0\xb4(6\x82\x99F:\x04\xab\x01aZ\xd9\xd0\xe2\xd8JS\x1d\v\x8dy\xda\xd6\xf0\x18vQ\x8d-\x13\xfb\x19d\x95\xb9\x06\xd4\xd0\x0eF\xf3\x0e\xd9S)\xbd÷7\xeb>\x88\x82\xb0i*\x98\x0fܱl\x14µ\xb6\xdf\x7f\x86XƜ\xec\xf6\xeb~\x03\xd7%\xc729 H\x99T~SG\xb8c\xa40\xa4Է/Ga\x99\xf4\xb3q\x96`\x97\xe2\x16e\"fw\x9dvZ*>\x94\x8d\tF\xb3\x90\bP䢁I\xcbn\xc2\x13mh\t\xfa\xaf f\x11\v\xe3,G\x7fp\x84\x18\x0eJ\xb1W\x8a \xfbR\xb8\xaa\x9b~\xb7d\xcb\xc9\x13\xf54\x92\x17W\x03k\"\x8b\x0fz\x80\x98}\x89\x99\xa6զ\xec\xc3yN\x1d%\bj\xe3\xb1܆\xdb+\xe9a\x8cx\x93\xf5\x06\x1b\xf4\xa8.\xd5,\xe1\x10\xd9w\xabZ\"e\xb1\x8c\x12\x0e\xe1\x00\xcb\xd2T[\xe5\xd3)t\"J\xe4\xb0\x18R\xa8'1\xcc̳\xf6A\xcd\v\x87-,\xf8\x91SE1\x16O\xf9,<r|\t8̗i\xcb\x02\v\x8f\x85\x8b\xa3\xccΑ\x00\x93\xa9pH}\x8c\x06-nᖅ\xafa,\x92\x83g\xb6H\x89\x87C\x7f\xa3\x82<\x14\x93\xf0\xf1\x893\b\xd9C\xb9\x84\x03\xa2\x86<\xb9\xbar\xc2\x1e:\xc4uW\xf0\xa9$A\\\xe38\x10\x06\xa3^۾'>>W\xbb\x97d7\x8al\x99\xe58q9̋\x10˨\xe8C\xfaRƢ2\xa2\x19bM\x1c\x026\xebBV\x05\x11\xe0\x84䐢\xab)\x04_\xf8.-*S\xf8\x81\xb3=\xb2\xfa<\xcap\xbb\xb2\xf9\x01\x18X\x8c\xc8\xc6\xe2\xe9\x14\x11\x88a\\8q\x88N\x15\x99\x83\x83\xec\xe0\xb0&x\xdc\xc0\x0e\x97)GG-\xfcȡR\x9c\xbb\x1c\xaf\x82\xc9Ja\x13\x83T\xc0\x04\xc0 =\x8a\x1e\x1a\xd05ɄQEZ7\xb9I\xedn\xfc11V͋\xb2\x8d\x81IkE\xfa\xa8IN&&8b\xb1\xa9اX\xe3\xe2N\xc2\xf6\x1fC\xb6\xab\xe3-\x17}\xc8\x17\x92ş\xf8\x9d\xe6\xb9J\xc3 .Z\xb8\x9e\x02\x93\xb0çD\xc0\x8f\xfb\x19\x15\xe0\xe3_\xd0t\xa7\xb9\xc3\xc5g0A\xa5\xea\x03\xfa\x8cE\xa0\xbc\v\x11&\x02\xa7?\x1dI\xae\x0e\xb6\x81\xf9\x8d+\x16\x17\xd9\x19\x8coŗ\xf7h\xe4\xb0]\x02ˉ\xad\x15\xa2\xa7\xc1\xf5\x06\x83\xc04\x05l\xe4\xfb\xb2\xa9R\x9f.\xc1\x05D\x139f\x0f\x15ε!r\xe7b\u058bp\x10\x91\xf2\x96\xd3\xea\xb5\x0f\x92\xa0g\xa2{\xb0\x88\x89g\x82MK!3[\xc4\x15\xebB\xe3\xea\x92\xe5P\xd8\xfc\x92\\\x04\\\xd0#㔖d\x0f\x0668Wr\xf7\xe1\x05\bM.\"\xf5,TrQ\xfcl\xdd\a[\xe3\x1e\t\xd7\xf2[\x80\xe93\x9cL%\xc7]\xee\aԜ\xd3)\xa2E\xea\fh<\xbd\x90|\x7f\xe1\xb8\xf9\xa6\xf91ƣ\f\x06`\xc4\x04\xc2dȆ\x04(\x88f\x06\xb7A\xa9\vA\xd7(\x16\\\x88*\x10\xd9g 9RP\xac\x18\xdc\x17$\xa1\xa0\xea\x9f\x12)\xf0q\xc1\xf4}@Nv~\x93\xb22\x92\x98cF\x96@\t\x0e\n\xa2\xfa\x92vKP\xb6wX\xf60\xb4k.,\xb1Y\aN;;L=\x17\x02\x85C\x02)\x9a\b\xa7\xc9<\x1a\xb2\xe4\xd2\xe0\xb5\x14\xa4\x80\x1fmI\xeao\xd2^_r\xf8\x9e\xe2\\\x03)r\x00`\x14\x7f\x8a%Ŕ\xcc\x1b\xa6\x10>\xef\xe0\xe0\xfb'\x9a\xb9y\xa4\xa7\xef\x1bX\xadi\xdb^d\x1e\x88\xa0#.\xbe<\xa4 BM\xaa\xdaa\xb2nX\f!:L1\xe1\xe5K\x9c\x1a\x14Qf%>l\xbaߔ\x9c%\xafB\xec\x12:W\xe0\xc7C\x8a(\xcc\x06\x83\xd40\xae϶\x06\x89\x05\xa1u\x81\xfa\x16\xb8O\xba\xd2\xd8\x00\xab\x85\xa3\xd3\xf0Ƽ#\x81\x8dX\xd1\xceA\xbdaVa.\xc6\xc3r\xf1$Wh\xf8R\xcc\x19Rű\x05Ӄ`\xf8\x86\".\xf0\xb4\xdaa\xc0\xc7&y-\n͓R\x9c\x1d\x95\xe8\x12\u0db2\xc9\xfb\x0e\xbd\x16\xae\xc9X\x99D\x9e%\xdb\\1[\xb2U1\xe3\x06&N\xc8[5\x16\xf5\xb1x\xfe\xcdc\x8f2\x8dF\x89\xc6\x1e\xcb3\xf0^\xbdȅ\xbc0'\"̱7\x8e\xb4\xf264\x95\x01\xba\x1eJ\x83a\xba\x97\xf2C1h\x86\xeb\xa2\xe0\xe5\x14yH(\x8f\x1e\x1a\xd3T\x85\r\xcd)\"\xa7\x91\x9cں\x0f(\x9cA\xbb<<\xadq\xf5\xd0\u09d2,f\xdaAxD\xb9\x16\xcf\xcd\xd3)y\x8e\x8d\xa48)\x17\xe56^\x9b\xee\xf3\xd4j\xdcNp\xbe\x91\xc7\x12\x8ajӕ\xff\xf7e_\xdaT\x15\x13\x84(\xaeo\xa9\xfbX\x16?\x92\xf6&\x9eHo\x1b\xd7\xc3\x00\xd1\x1f>\xb44\x7f\xb9L\xa6\x94j\x16\x8b\xb0\v\xfc\x91\xfb\x01\xb4\xc3S\xfdI\x90\x82\x9b:8\x12Q\xc0c\xb1\xa9mc\x87\xb0\x8c\xabڭ\xfd\xe1C\xb8\xa2q\xa2 \x85Oc\xd3]H\x19\xf1\x11\xa9\x02'\x16\xe3\xf4\xbcݨ(\x9eݷ}6-\xe1\x8a^\xedz\x9e\x1e\x11\x89{]\b#\x96\x97\x0f\u03a2#\x8c\xf7M\xb51\x81\xe8~z\\s2\xea{K\x85<pA\x00א\xb8\x1f\U00042d51\xed\xdb\x02E\xf7S]Q\xa88W\x8a\xfd\xcb\xc9T\x17\x06\x94j\x1e\x80b\xfe\xa8\xa9jj\x8e/\xd7\\\xe9Q7^\xf8#\xffp\x87\xfd,\x1c\x00\xf4ni\x84\bp\xebz\x9eJ\x91\x18sC\x91-\xfc\xb1\xb4\x9bn-\x8e\x05\x92\xda\xf4m\xbf\xf0\xa5\x13\xfao\x8cf\x10\xed\xc3\xf1\xb69\x1e\x19\xc2\x14\xc27@\xb8X\xf4\xb1Dj\x01v\x94\xa5\xa5H\xd4\xd4z\x8e4a\xf1\v\x11\xef\xe8\xab\x12x\xeb8Uq<\nw\xae\xfb\x8d\xbe\xdb\xf4=\xb7\x80\xe14\xdc1\x85\xcbL\x01L\xa5\aI97\xe1\v\x96T\xb8\x91\x893\xab\rW\xce\x19\x85\x0fR\xed_J\x00\xac\x9e[Z\xda\xda\xdaZ\\\xab\xaa\xb5\xc2U\xaa\xcd0\x02b-\xab,6Şk\xae\x8bD\x87\x8f\xa2\x8c\x94\xd9t\xd4ՄC*ܠ9~\xec?7\xeb\x86\xc4\x15Ƕ4\xb1A\n藲\x97\xf0^*\x9bG\xed\t\xf8y\xcfo\xfa\x82\xdbv\xeco\xd5=E\xa3dT;\x95\xff\xee\x7f\xf3\x89t͂\xc2T\xe1\xf1\\V0O\xc6K\xdd\x04\x82)+\x06\xc6\xf8\xaa<\x12\xe9;\x8e\x1c}f\x84\xc94\xf0\x14\xe6\x11\x17\xb1\xc9!\xa9\x98\xff]1\x1b\xb5\xafj>\x81\xfa\xb5\xe5\xb0\x01\xf3\bբ\x97Ju\xc38\xdc\xce\xf6\xb9\xba>\xa0\xac\x9591\xa0\xda\xfb\x14\xb0~ޕe\x18\x17\x9b\xb6\xf4\xf6D2\x8b\xe7;0\xca\xcc\xc9\a\xc8\xe1%\x86\x0e\xf7\x9d-\x84\xe6\x1f\xd0\"\xb6\uf28duo\x13@\xa6\x18+DZ\x8b\xe1G\x04\xb4\x8ehO[\xac\xb9愐})\x1cS\x88\x81pO\x9cX\x92\xc4[Q\x91@\x96\xb4&\x9d\xe2\xc5~\xd3\a%\x9dκb\x90\xb4\xc5\xc9*\r\xfc\x91y\x05\xc3\x115R@\xad\xc54:\x98u\xa9\x11\n\x14\x19T\xd4\xf1\x985\x89U\xa6\x93JV\xdbO\x97\xbdq\x0f宽%t\a\x01-\x15ڮO\xfe\x16\x81\xf4e\xdbo\xbc\vO\xb9\xa14:\xa8~\xebD15\xd3TQ\xe6\x1b\x0e\x1d\xdb\xf80\xa0hK\xe2\f+\xc64\xbb\xe8_9\x95\xe7^|\xe1(\xf8\xd1e\x1f\xfd\x9b9\x06\x1bQ>q\xd1(\aC\xd0\x02=\xd7V(#²c\x9a`\xf9$\xc6\x0e\xb7\xd0Өm\xb9&ѽh\x9d\xa3KþIU\xbaZyKN\xf5ϲJ\xf5\xbf4\xaa}\x10JĆ\r1?t:\xbds\xaa4\x125\x9cW\xe8\xfco0\xaf\xa4e\x9e\xe1\xc6\xf6\x1a\n\xf2\x04\x13\xa5\xb4\xebv\xe2\xe6\x8d tF\xc2\x0fm\xb3\x0e\xf3\x99?\xc5\xfb\xa4:\xdeb\x8c\xfb\x03'\x1d\x12{1`%\x87\x1b\xae\f\"w>\xdc\xe0}\x15\x8b&Vڶ(\xda&V٢\xdd\xcfh'\x8cH\x90\xe0Q=r\xcb/`\xb5\xf6\xd2\xd2\xd3϶\r\x8e\v\ri \x1e)J\xaaA\x98X\xf6\n\x85\x1e5\x91\xe5ͻpR\xb5!r\x97x\x17:\x7f\xf3\x8f\xae\xec\xfb\xc1\x7f_X\xe8\xfe$\xc5\xff[\xd1\xf5@%\xf7\b\x1a\x9cgI)|{\xa9%\xa7\xb43\xa6fqpȶ\xa4\xa8\xe0\x9c\xd0'P\x9a\x15|h\x04Ҏ\xca\xc4\f\x8aR\xaf\"j\"\x9c\x8b\xa6\x1a\xa8s\xc4D)s\x83\xd9\xd9R\xc6]9\xf9K\x82\x95 \xb6ۢ\xa2\xd9\xd7\b=\x15\xb6\xadG\"\xfa\xd0ӡ\xa3\xb2\xcc\xdf\x1e\xa1\x85Kn\xe9&\x02F\v\b\xedr\x00WR\x0f\xe4J6\xae?\xdfZ,\xab\xb2\xa9\xe0\xed\x14`\x1f\xb9\x02\x19]\xda\xd2\xd8N\n-\x1d7PţR\x14Ǣ:\xb9\xa9\x06\xaa\xde\xe5ذ\xea\xab1M\xe7#\xc2f\xd8\x17_\x83\xefr\xdc\xd9\xf6\xd6\xe1,\x80;\x85X\xe7\xe3˵\xbf\x8fL\xdemS\xc22F\a%\x84\x043\xec\xb9'EEݗk]\x15MT\xc7TK\r\xa3\x89,`Q\xa2\x85v\x17\xd8\xcc\x04ݯւY\xb7\xc5@\xf6ge\f\x1by\x14tV\xe4\x8bS\xb9\x8f1%v\xa4h\xc1\f]\x03.P\x81\xb0\xd7ug\x98\xa5\u05f5!\xe3{\x9cΠĪQ\x8c)}I\x92-\x91<\x15\x1d)\x17\aL\x83g\xa3\xe8\xb6\xf1\xe5\u07fb0\n\xec\x80?\xaf\xf6\xf9\xbe\x0f\x91\xdc\x02bX\v\xf8\x90\xe3\xb5::\x8e\xb2+\x84\xeb\v\\\xdang\t\xe60d5#E\x8b-6\xd6\xed*\x016}0\x91\x03\x87\xf8y\xd0\xfb^R\x91\a\x83*\xca\xeb\xbe\xdfw\xe5\xb2ݴ\xbe\xc0\x9c\x87/i\xaf#&\xac\xa8\xdfm*\n\xe0\xb3C\n\xdf\x17e\xdfC\xaa:\x8a\xd5l-1\x91\x13\x10\t\x95:\xeb!\a\xde\\@!{\x1fUGI\xcd\xc74ճU\xe9x*ͫJ\xaf\xd0:\x94|\xde^Q\xc5P\x8fK\xd09ド$\xbfs\xc1\x81\x1f[T[G\x17\xdb&\xf1\x95l\xa8}\x06\xae\x97W\xc6q\xe7\xbc\xf8\xa1\x94\xcei\xb5\x94co{=W\b\x87\\\x02J\x9a\xefpV\xe3\x19\xf0z\xd3\x19\x11\x14̞\xf6ո\x15\xc3`\x1c\x81a^\"8\xa70Κ\x18J\xc6iʡ\x8e\x1f%\x18\xd4q\x15P4*\xb4m\xa2r+\xa1\xad\x8a\x8a\x8bCD\x1f\xd9\xe9\xf8\xac\xaf\xca\x13&\x81[Ӛm\x8cB+\xf4\t\xb5E\xed\xef\xea\x92\x16\xca\xd4a|u5\xe5\xe4\x11YN\xf8\x1e'\xe3\x8e\xf9U\t2\xc35\xb6\xdfw)\x8aQx=g\xa8\xac\xc7\x16/T\x9b\xde5\xe6\xc5\x12^\xb3\x17\xad\x8f>\x87\xa5\xf1\xe9%ʶV\xb5\x842KIr\xa7\xb0\xa6Q\xe5\x81\xe1T\x89Z\x99\xf3p\xbdz\xac\xf5\xc3\xe4\uf111\xa7\xd4;\xc2gbp\xc8\xf4\xaa\xa2\x12\x7faC\xe5\xa2p\x93+\x9e\x1c\xad\xc2w\xd4\x01\xa9\x82|\x86<~\\J\xfd:Eu\x89\xba\xa6\xaaQx˗&Һ\x9dR\xb6\x10\x1aq\xbc\xef)w*MZ\xd3Tj\xbc\xea\xf5\xd1Ж$}\x8c\xbe\x9b\x9c_|=\xe2\xbc0\xd8S\xd3\x04Rq_#\x8cfȘ\x84\xf7A\x98J\xc0~\xe66\xdb\xda\xc5\x04 \xfc,\x80\xf30D\xb9M:/\f\x95+\x01\x04\x1e\x85,\x19\xf9\n\xe8;\x81)\x97\xd5Vė3\xfc\x00a\x10\xb8F\xb8\xfa\x13\x81\xff\x8e\xd8?^@\xaaJ\xd8\xf9m\x99<\x99\xc3-\x81\xe61\xac%\xaaW\xc3\r\x9f\xe5LP\\\xbc\x1bv\x8d\\\vڇ\x13c\x9d\xeb[苵j\x148\xcd'x)\xe0\\\x943\x17s\xb5\xfc\xbe\x921\x1a:c鬡\x7fSܯ\x8d9Ӟ\xdd\xc0uTV&\xe6\xddj'%\xa2\xc5X\xf6=\x98\xab]\x85\x98\xc7d\x1a\xe7\xe4\xf0\x8b\xa2èl0\xc9aP\x16-\x02\x01\r\xeeɰmz\x02\x10W%\xd9\x00\x1c`CmHN[\xe1\a'\x95ߡ\x92\n\\kH\xab\x19\x1e\x83{:\xf21\xb3q\x88\xe1O\x02\x18m\x14\xee\x8cԨ\xc2{\xa9\xedʨ\xb3\x8c\xf2t\xcc>\xeb˦2\x9c;\"0\x0f\x85\x80\x91\x83\x8d\xcbUbޝ\xce\x1a\x8c\x9d\x92\xb0 \xe7\xaf0u\x89\xb8\x9a\x00\tY\xae\xf7\xc1m\"j\x95\nX\x88S\x0esʏ;\xd5$\xb2@[\x9ax\xfe\xda^\x0f\x978\xd8\xe1\x94{\"\x84\xf1\t\xe5\x833\xd2\x10\xa7\xb1*\xdb\vʆ)\x89[\x8c\xda\x19\xa5\x84MS\xa1R\xb9\xa42-VT\xe1arfXD\x8e\xa0-Z\xeb\xabU\xd1_\x8e\xdcr\xa4\xaa\t\xf9^\x84\v\xc5B%\xd8\xd3Ry\x9d'\xad\t\x8ax\xa0\xb4\xac\xf9\x81\xadͩS\r\xae\x10$W\r\xb2\x8e\x15z\x1f\xb7e\xcb,{\xf0\xb9B\xa8\xe3|\x96\xd0%\xae\xbb\x80\x91_#k\x10\xfa:\xd9ҫc\xc2\x14Q\xf4\xfbd\x8c\xa5\x900\xab\x0f\x8d\xeb\x8bo\xc2g\x81ʿ\x9b^\bm\xc3\x0e\xcd\xf3)\xe0\xac\xf6\xbd\xaa\xe4L9\x02d\x14|\x13kfdo!o\x99p/\x02LdT\x1d\xa26\xfb\xaa\x84\x91\xce/V\x99\xa7\xb0\xef\x86\xd4R\xf0ي}\xc3\xf66\xa2\xb5T-\xbbԢ⦉\x99)\xde!\x14\xf8\x81Y\xaa\xa9\"L\x8e\x11x\xde\xd0\xd9R\xf6Ʈ:\x9cb\xc5\x13\xd7Wr\x89lP\xe5\xf4\xa1\xadb;t>\"^ \x9cR>\v\x9f\x838.\x16sh\x06'l\x05\x9b<\x1b\xd1\xcc\x06\xd7n\xaa\x8dvd\x05G\xe4kDBkD\xf2a\xe1q\x85d\x83/\x13\\\x81\xb2ט7\b\xac Ґ\bu\xac\xec\t\xa4i(\xfd\xcc\xc2#Ɨܟ\\\x1c\x95j\xfap?\xe4R@\xf4\xd18\xeeA\xa5\xc2\xe4gA\x03\x04H\x19\xeb\x85\x06UM{\x05\xd7\xed\xc1Y\xef\x84\a\x8f\xb4vŎE\x04\xb1\xadQLS\xf6\x0e<Cy\x11D\xd9_\xb8O*\xd6\f\x98C\xe6\xb5y\xaa\xec{\v\x9c\xb7.\xf9\x91\x85\rBB\x8asI\xfc\x18X\x9b\x04d\xa7\x99\x83\t\x85-\xf1g\xa5Η1\xc6|\x7fU\xee\xc5\xfb$Ie\xe0\xa1\x13\xe1[)h\xa5\xdc\xee\x16\\\x8f\x14\xa4\xc45[;\x1bt\xe2\x05\xb7\xa4\xb0a\xc1$\a\x9cB7q\xce\x13\x93\x9c\x88\xf4GEZ\xf4\x7f\x9d\xad\x99态Y\x92|\n\x82\xc0\xe7#ʔ\xb0\xab\v\xab\xba\xa9\x06\x94\xe0\xf5=XT1{\x8ce\a.&aa\xbdI\xde\xde+\x16|\xc1\xc8\xf1\xfb6\xb2v\xc0^-\xfb\x1e\xfd\x05\x05\xd0o\xd1\xdd)\x86P\x89Xr\xf0\xa1犂\xe3\x83+\xe8\x19E4\x11\xab\x94b_\xc53w^\x18\xfdp\x1d\x85`C Y\x8a\xa0\xe2<R\xfe?\xc6\xdchݬs\x9aY\xe4i\xc1\x1ciG\v\x06\xf5I\x90TL\xf3\x10\x8c9c\x16Q7꜊\xac\x0fe\x13\f\xafY\b@\xc3\xf5䷇\x86\xca\x1c\xa9\x9f\xc3h\x03\x8b\x9b!Ƙ\xac\x04\x84\x85\x0f\xe9 G\xd9\xf4\x88ȁ)(kC0\x1a\x80.b\xbc-\x16\xa2\xa7}\xd86\x90\x18\x11g\x92\xfb\x16\x17\x7f\x14\xf2\x86:\x1a\xb4'\xbf\x8fv\xa9T<j^`\xd2cbe\x06\u0603!:\xec\xa8t2fq\x05\xfeĕ>,L\x8b6\x01\xf4\x9b\xc5<?\x97\x83\xf3\xfdi}U\x03c\xd7x\x8dS[\x95\xab\x1a\b\xedA;\x18e\x1e\xe9\xb0S\xdb\xf0\x00߇\x8d\x0f\xdacio\x17\xfam8\xf2\xb8R\x82#()&\xa9\xec\xcc\x1a\xc33|\xb0\v2}\x8c嬼.B\xbb\xfb}\xb0\xe8\xcd\xd3\xc3\r_;\xc9\xc7\xd3\xdeb$\xbb8\x1f\xed\"\xccƛH\x91\f\xfd\x83ۈ\x1f\xb89U\xe6\xdcU/\xac\xe0\x87\xc6E\x88\x7fS\x05熲\x9f\xc7\xca+\xda\x1b\xb9x\xbb\xacpρEC\xb6\x91\xec8.:8fu|*\x81\xdc\xe6WU\xfc\x87t\xeai=G]iㅗ\x16\xf7\x93!l\xf8\x96s\xad\xb4/Q\xe5aO<\x93b\f\xc4*p'\xb8'\x8c\x88\xc0\xb97}\x8fzs\xd3\xd5s*\x90\x9d؛\x8bq\xb4s\x06U\x8a\xdbX\xcc\xd7\xc4n\xc15\xcbo&5h\xf0\xf6R\xa3\x02\x9fW5\xcd\xf1-\x1f\b,Ȁ\xc0uۏ\xfe/W1\xf1Y\x16\xf7\x90E\xd4;k\x1a\xe1\xfc\x06;<\x10Z!\xfa\xaa\xf3R\xee\x03\xe3\u0090k\xac\x87\x16\xdb\t\xe3<\xa20N5\xba\x06Y\x12pߠ\x19\x01k\x80\xf6I\xeaI:ě\x82\xe3\x00\x8d\xe0,Į\x0f\xa9\xec\x01\xbb \xb1]\xf8\x1a\x9e\x95l\xbf\b\xee%\x99{\xb6\x15S\xbdSp\xe8\x17\x88\x04y\\˾\x8ct\x11\x14\xb7\x8f\xb0.*\xc0jx\xbd\xd3s\xa0O\xab-\xae\x81e,\x11\x83\\\xc6rV\x93\xf2\x02Uo\x9fvg\x1aڻ\xe8\xec\x97jS\xdegF\x12\xa7\xb5\b\xe8b\xdb\x1bQ\xc1\x1e\xc1\xd3\xf1PH\xfd\x10\\\x19\\\x84\xb7\r\xaa\x1a+\xa7*\xd6n\x96\\C\xb3U\x91m\xdc+l\r\xfd\x93\xfc\xa6\x178\x89=\xa6\noG\x90\xdcU\xa7\xb8\x7f\x8e-\xfd\x1f\xff-|\xe3\xc7\xff-|\xe3\x7fYZsG\x7fԬ\xd7Ֆq?Yf\x9b\x04\xcf\xf2f\xab\x8al\xb2\x11Qb\xcb>T\x99K1M,oA\x06`\x1b\xe7p\xedl\xc1%\x84\xe1\x90*\x00\x8a\xd5\xe9\xd1\xfe\xa1\xbdH\xf1(\x05\x17\xf38\xff\xe5\xa8S9\x9d\xbd\xb7\x90_\xef\x0e2\xed\xbd\xbb\x7fv\xef\x11\xb2\x13\xee\ue7db\xf9\xf3\xc3\xc7?M\x8c\\_}\xf8\xde_~\xff\x8b?\xed~\xf8\xd5//\x91*4\xff|\xef\\\xfc\xf9\xab\xb7^\xfb\xcb\xff\xf9/ \xbe\xfc\xe6\xee\x9f>\xfb쫛\xff\xfa\xd5/\x1e\xfd\xc7go\xfd\xe5\u05cf\xfer\xe9g\xffq\xf7\x93\xff\xb8\xfbɟ\xb7\x1f\xfe\xe9\xf3\xdf\xfci\xf7\xfe\x9f\xee\xbd\xf6\xd5\xff\xb8\xfc\xa7\ao\xfd\xf9\xce\xfd?\xdf\x7f\xfb\xab_<\xfa\xf3\x87\xbf\xfc\xeaΕ\xff\xf7\xdaOy\xdda\x1a|\xdd\xd55\xc1\fD[\x05@\x04\xbd\x8a\xe3ux\rl\x91\x18\a\xeb\xa36n%\xa0\x01\xce\xc7\xe15\u0084i\xfb6\xd0\xfd\xff\xf0.\x892\xcb\xe7U e:\x8c.WMmW\xedK\x16E\x96\t\x05\x8e\x9f;\xc0\xd1\v\xeea\xe8jx\xe6w\xfdj\x8d\xf60\xaa\x0e\x97U &\x06\xe6\xdd\x1c\x81\xf1JקBq\xe6\xf2\f^R\xfd\x01y0{ުw\xb4\x82̀\xfb\x90`\x104\xa3_Q\x9cV\xde\v\xf8V\xe8\xe7Q\xe3\xe3\xcfp3ɝ\xb9r\x80\xf1\x19\x82+H\xbc\xae\xd2(\x11\x91~\xc6\xef\xa6\b\xbe\x83\xf2A\x91\x1f\xb5\xc8\xdc\a\x9c\x81\xc0\xd0\xf7\x0e2\x1b\x9e\x03\xe6\xbf\xc4\v)\xbc\x9b\xfb?#6I`\xffc.\xc6\xc4\xdb\t\xec\x92g\x91\xf5\x11Y\x19\x89}r\xef&\xf2\x00\xeeD\xb6Ba\xe3\x04F\xc6\xf8\xac\xfd7a\x0e\xe3켭ﳷ\x93\xb8\x06\x89\x8dR\x9e\x8d\xbf?\xd8{\x80\\\x95\x9f\xe0\xcc\xff\x14~\x8b̅\xc0V\x18\xef\xb9\xff\x06\xde\xf1\x16\xf2T\xdeS\xcfR܈ȯ\xb8\xbb\x7f)>\x93\xdf}o'\xde\x7f\a\xd9\x11\x85\xdbrw\xff\xbc0k\xee\xffl\xefߑu\x93X\x0e#O\xe6\xfe\x05Շ\x17\x80\xe7\x129#\xef\uffc9\xef\x02\x8c\xa6\xaf\x01k(3v\xdeQ\\\xa1w\xb8\x87o\x02C'\xb0\x8br\x9f\x00\aeb\xb7\xdcٿH\xfd\xb3\xffj\xec\x1b`o\xbc\r\xfd\xba\xff\xc6\xde}f^\xbc\x89,\xa6o\xec\xddۻ\xbdw_\x18@\xf7\xee\xe0]\x1e\xed=\xda\x7fCqH\xee\xa8w\xbf\x89\xfdD̝\xf7\xe9]\x89{\x12YL\xefs\xeb>!\x1eV\x1c1\xbaf\x17\xdf\xe9\x16\xf3\xa8\xc2\f\x807C\x1eO\xe4\x83$\xb6\xcc\a\xfb\xe7\xf7>\xc3\x16\xec\xf2}x\x1c\x81\xb9\x12\x99%?ۻ\xb9\x7f\x11\x7f\xbf\x84-\x80\xf9\x19۶\xf7\xdb4o\x89\a\x13\xe7\xd6\xe7{\xb7\xf7\xcf\U000ece67\xbe\v\xef\xf2\b\xf97\x1f\xee}ƣ\xf8)p\xca\xe2\f\xc47\xdf\xfb\x1c\xdb\x0f3\x15\xfa\x87ڋ\xe3\x02c\n\xed\xde\x7f\r\xef@\\\xa1\xf0\xd7G\xccC\xfb\xf9\xfe\x85tM\xf6.\x0f\xd5X\xec\xd2\xf3p\xce=Ls\x18\x9fL3`W\xd6\x17\xf2s\x9e\xdf{W\xad\x9d\xcf\xf7\x1er\xbf\xefF\x16\xd5;8\x8f\x1e\xc0\xfb\xe1ۦ\xf5\xb2\x03}\xbd\x7f\x96\xd6W\x9a\xe7{;\x89#t\xff\r\x9c\xa1\xf0\x1e\x0f\xf6\xdf$\x1eU^S\xc4pK\xe3\xfb\x00\xd7\x00\xcc۟\ufff9\xf7\x00\xd7\xcd\xd9\xfd7y\fiO\x88\xed\xc7\xf5x\x93Wཽ\xbb<\x02\xbb\xc8 \xba\x83Ͻ\xbb\xff\xa6\x9a\xc30\x8ei\x1dE>T\x9au\xd8߰\xff\xfcO\xe6\xb2\xdd\xdd\xdbQ\xda\xdc\xe7Q\x85\xf9\xa6hI_d\xfdq\xd2@\xdf~$z\xcdWDB\x9a4\xb2\xaf\x7fq\xf52\xfe\xe9\x8a\xfc\xf0PԱ/}\xb1\xfdn\x92 O\xf7!!\xe9\xf7\xd5=o\x88|9\xcaL\xc3\xe7\xe7\xf1\x93\x0f\xf9\xbb\xdb۪=gQ\xa2\xfda\xba\xfe\xea%\xf9\xe4\n_\x9cԺ\xe9\xb9\xf7P\xdd\xfb\xba\xdc\xff\x8a\\\xf3\x81\xe8\xa1G\x89j\x14\x10\xe7\xeb\xe9-\xdeb\x05s\xba'K\xb7\xbf\x9d\x9e\x95\x9eK\x12ޯ\xe1\x0fW\xf0\xfa\x8f\x95(\xf6.>\x8eZK\xefu\x17\xff}\x05\xdf늨r?\x12i\xf2O\xb1a$\x04/͆\xcf\x7f\x8d\x9d\xf3v\xfe\x8eg\xd3{m?L\x9f\xa7^\xba\"\x02\xe8\xd7D\xea\xfd\xa2җ'\xddyzُ\xf0\xb9\xff&ߢ\xfe\x7fO\xfa$\xbe\xef\xbb_l\x7f\x8eύ\xefx^\xaey\x1b_\xe4ST\x8d\xbf,\"\xddq\xacߒ\x11\xbc.}+\xf7\xbc\xfa\xaa\xf4\x8f\xf4\xc9\xf6C\x19\xd9\xdb<gH\xe5\x9c5\xca\xcf˻ߐ1:\xcb\x1a\xf1\xdcW2\x8e\xf0\xf9\ax\xffw\xf0\xb6\xb1ϩ%7\xb1\x9dwe\xc4\xcf\xe3\x87\xf1\x9a7D\xba\xfdv6\x1f\xb8\xdf\xeea\xd7m\xf3\x0f\xbc.\xe2\x1c8+oM\xc2\xee\xef˳\xde\xc27=\x0fz\xf1\xdc\xfe]т\xdfM\xaf\x1c\xe7\xed\xf6\xc3\xd4\xffp\xfd[\xaa\xafvd\x05\xed\xe2m\xafK\x7f^g\x81\xfb\xd4f\xea\xab_\x8b\x84\xfa\xed\xf4^ܫ(\xf1\xcf\xca\xef\xd4\x0f\xbf\xc1;oc\x9bobO\x9e\x87\x7f\xb7o\xa7\xb1\xe3u\xf4P\xa4\xe4_Q\xfbƎ|~=\xcda귫\xe7x\xf5m\xdf\xe4\v\xae^\x92kve\x9d\xde\xc3\xe6\x91\xf6=\xcd7\x9a\xffoK\x9flˠ|*s\x80\xda\xfc)7\xf8\xeaY\xf5ݳ\xaa\x0f/\xc9z\x7f\x15\xef\xf6\xa9\xf4\xc9\xfbj\x7f8\xab\xdeQ\xed9\xfcFҥ\xdb7T{n\xa2Z}\xdcg\xf0\xb9\xdbWd߸-\xfbî̍+\xd2K\xb7YȞ\xc7\xeb\x97j\x8e]\x949sU)\xf2\x9fW\xe2\xf8z\xff<\x8bߢ\xb5\xf6\x11\xbe\xfb#\xb9\x0f\xcd\xff\xf3,\xb5\x9f\xed\xf9\xf7\xe4\x9a\xf7՜\xa1\x89}[\xed\x03\xbf\x97>\xf9@v\xf2mޣ\xb6\xb7e\x03\xa1鱣\xee\x7fSV\xd0\xe7\xa9\x1f\xe0O\xafȟnȈ_\x97Q\xc0\x96P\xb7\xa4\xf5\xfe\xcbl\xafH\x83+k\x8d\xe7\xf9\x0e\xbfl\xdc\x1f\xf8W\x1a\v\x9a{?\xc3\xfb\xe3\xb4\xe1]\xfaf:\xe3\xf8}c?_\xc4_w\xf1\x9a\x0f\xa4\x91o\xf2;\xf25\xbb2@\xb7\xd5;^\x92\x7f\x7f\x89w\xd8\xc1\xcf荒\xf2&\x7f\x17\xf6\r:\xef\xae\xc6qG\xb6h\xe0\xc5~\x1d\x19\x92?A>\xe9\v\x91\xf5\xf9\xce\xc1]al~|\x0eإ\x1f_\xc4\xcf?\x85\xeb\x15W\xf3\uf22d\xf9\xe06\xb2yG\x1e\xf0Ȱ|Mq,\x7f\xfc\xf8U`f>\xb8\xf5\xf8\x95\xc4\f\x0e\x9ff\x1c\xe2?%flx\xde\xe3\xf3\xfc,\xf1\x80\xe1\xe7;\xc8{M\x9f\x7f\x00mb\xb6\xe9\x9b\xcc:\x0e?\x7f\b\xd7\xf2=?||\x1e\xefD\xed\xb9\x85\xbc\xd7r\xcfk\x8f\xcf?\xbe\b\x8cԏ_=\xd8\xe5끡\xfb\x95ǯ3\xbf\xf5%\xe1(G\x16\xe9\xf7\"7\xf9\xad\x83\xdf>~\x85\xb9Ư\xab羊\xfc\xdc\xd86f8'F\xea;\xc8ڍ\xcfEn\xee\x8b\xf0\xfeا\u008c}\v\xf9\xcd_!\xbeq\xe2\xaeF\x1e\xf1;\xc8?M\x9f_@\x16\xf3\x1b\xdco\xaf\xe0[^'\xc6\xea\x83\x1b\x8f/\xd1}\xf0\xd3O\x91/\xfd\xf5\x83k\xccb~\x03\xfa ~\x179\xba\x99\xaf\xfb\xfa\xc1-i'\xb2y_\xe3\xfe\xb9\x85\xf7\xbe\xcb\xef\xf8\xd1\xc1\xce\xe3\xd7\x0f\xee\xe0\x1doE\xbe\xee߫\x7fw\xe0\xbb\xd2\xe7\x89\xeb\xfc\xe0\xb6\ua4cf\x80\x0f\x9d\xc7\xfd\x03f\xd7N\xdc\xf1\x97\xe4\xf38\xa6\xc0\xef}\xef\xe0wi,\xe4\x1d\x0fއ\xd6P?\x1c|$\x8c\xe3\x8f\xcfa\x9f$vo\x19\x17\x98y\xb7x\xfe||p\xeb\xf1\xabxg\x98\xff\x9f\x1d\xdcB\x9e\xf4\x1dl\x81̍\xeb\x8f_\x89\xefx\xef`\x17>Ǹbc=f\x0e\x93\x9c\xa8/\xd7̊\x82\x99\x1178cO\x91RcmTs\xf4\xb2L\x7fA\xbai\t+#\xf9pm\xcb~5\x9c;\x8a\xc9\x10\xe2k\x19\x03\x8a\xa7q}C\"Z=_\xf7FC\x8e8.jl\xb0\xc6\xe4\x87\xce\x04\x123\xe5\xb6\x15\x99\x95\xebC^'H\xce6\xf1)\t\x9du;\x8a\xbc\v\x97&V\xa0o\xfa^U.\xfa^\xd5\x16\"њR\xedB\x9fج;\xf3=\x1b\x82\xed\xad\x8f\x82k\x1a*\xb6\xe0\xcc\xef\n&\xff$3\x83Av\t\xc3n\xd4U9*9\xa1\xa10\x10_\x1b\b\b\x1d+\x05\x9eQ\xa8W3\xa4,\x94-]5\n\x88s\x8f\xc0`\x11\x18g\xc2\x1f\x15L\xb1uo\xbdM \xb26\x86\x9eITi\xa5m\x03a\x17\xa9fp\xb4Q\xbb! <Fu\xa3\xa1\xc5&\xe9\x9a\x16\xe3\xf9g1\xe0\xcd0ٍ3˩\xe1\x89\xeaϻ\xf0\xb4\x9e;\x8bM\xf5]\xc8ʞ\xb4\xc1\xcd%\x04\x122\v$x\x1d\xd3$s\xd0\xff\x19\x05\"\x99\xe7H6\x15M\xb6\x8d\xa2\xfbf\x8c\xf2\xc0\x16\xc1\x01Ox@\x16\x92҅\xf0=\xd7\xf7\x8d\xabk[:\v\xd9\xc4\xda\x12-F\xadrq$t\x17\x93\x8f\x86\x14\xfb\xb8\xab`\\#\x99\x1a\x93خyn\xe8F\xed\xd6\tu\x92궑\xdeCa\x80b\x0e\x1bS\x11\xcc\a\xbb\b\xe9\f\xcc\x1aK*\xe8\x05[\x9agj[\xf6|\xe8U\x1ao\x92\be\xb0\xcc\x11n\x845\x9d\x8d\xeb'fx[\x18!\xa3\xc1\x15\xc6\xe0\x06\x8a\xb4G\xb6^\x86R0l8R]\x13\x0e\x1bE\xab\xa3\xb0윆Y\x9fVP\x18\xe3K\x82\x10\xf6l\xa0b\x87\x10\x89\x87#\x17\x9d\xa9\x06߮\x9dm\x90\x95\xd7\xfa\xd2\xe8\xa4)\xe4S61Gm\x9aJ\xd1\uebf4\x97\x8d*\\xi\x14R\xd1\t\x17\x970\x11\xdb\bS\x00\x94\xd6c\xe8\x1e\xfc\xa9\xc2\"\xfa\x04\x12 \x9c1m\x01\xaaG͏0\x05$\xe9Ȗ\x0ep\x1b\x8d\x1a\x16\x9e\x01G\xdc\x15Q\xfc\xbe0\xacP@\xa2\xf66a\xad\x88Y\x80\xf9\xa8\x99\xab\x8aS\x1a\xa6WՔv\x80N\xe8\xd58/i\x92\x13.\x811\"\x8a\xbf\xbc\xb3D\xd2\n\xb2u\xea*\rf\xfb\x11\x18$\x16i\xad\x16U\xefedL\xaaY\x9d\xd5\xc4\xcawx\x8e*\xbd.\xc6I\x96\xd9\xd6c̽\x10\x17H\x9d\x81\x85\x96\x15r\xb4\x18+ڻbL\xe8\xb5\x1fk(\x1b\xb7\x1bG[`\x01\x1d\x8d\xb7\xa8tqC\xe2\xf3'\xddf\xa4=YiWkǗ\xce,\x84\xf5\xaa\xf7\xf2\x96\xddt\v\xa9\x1e\x05\xd7)q\xd4c6\xe5Y\x85 \x9fg\x14\x04\xe1I\x14\xbe\xc8%:;Fe\xb2\xc4\"N{\x95wI\x18GH\xf6jĈl\xd5\"\x14[\xc3&\x81\xecC\x1a\xe36\x9f\x12\x9a6\xf0j\xa4\xc5h\"M\x1e\x11z\x88\xb6y\xc1\x84\x1d\xb6G(\x83D\xc9\f\xf0\x1e\xe2\x85\xe7\x9cw\xa98*c!\x05\f0\xa6:\xe1*\xe0U]\xaf\x86\x10W'\x19pV\xd0'\x10o\x9cQ\xb0%i\xf4g\xa0\xedL\x96\fs\xed P0VH:\xcc\x0e%\xcd\xf3\xa0\xa1z_+\x84\xf8\x87\x12\x92\xc4Љ\xd7Y\xa30\xc2m\x93\xf8,\xbaY\"5\x02\x87\x98\x7fH\x06\xcf\xf5)E\xc60\xa4Se\xbfZ\x10@\xc9\xe6\xa8(yxI\x1b\x1c\x11\x8bB\x0e\x1d\xf1\xeb\x88\xf9\x16\xb0XT\x03=\xe9\x9b1OH\x82\x0f\b\xa7'\xe1S\xaaQ\x1d\xe5~\xd3\x0e\xebm\xc9\x04+$\xean\x1b\xf5\x8b~9\x93\x8a\xc1z\xb6X\xd4e&\xc4\xc1η\x8e8-\x18zU\xf7r\xb8uJ\b1\xe0J\x82<\x1a\x9c/N\xe3@\x17Yؘ$\x80y\xfdx\xe9DfȄ\xd9\xc9xo\xccJG\xa2\x00أ\x04IJ\x10\xbeȢ\n\x17+ɋ\x88D\x0e4Cxeq\x19\xe4z%ۭ\u0093\x16c\xd8\xe376\x84U\x98\t\xc3\xf1t\xc1\xfd-b\xf2\xab\x92$\xf0\xe1\xb2N\x86>\xa6\xee\xe5*xl\x1b\xe3-N\xaf\xbb\xe0\x84D\x85h\xada\x03\xc0,$K8\xe3-i\xf1\x12\x91\x80\xe8\x9c⤈EUp7\xac\x88hqID\x84\xfc\xc0\xf6\x9d\xd81\x89Ԋ9/\xbd\vI\xc97R\xec\xf3\x14\xb3\xa5I\xf2̩\x94\xccT\x03\xe2\xc8f\xaalH\xcd\xc6<6\xd5\x06\xf1\rb\xb1\fl̄\xd4\x14\bg*\x11h\x1bYf\xc4m\x16\x815\x83\xaa>\xa1w\xff\x04\xda3\xd5\xe0\x90.\x9cU,\x7f\xc5XW\x92\x069'q\x0fA<2\u05f9\xf6\x8d\xd2\xdb1IG\x869/#\xa9\x8fM\xb5oH\xa9\x83p\x1a\xecѸ\xd1qW\xb1y\x91\xd7\x12\x14c&\xaa\x83\x93a\xa5\xad*\x05\xc6Ɔq\xd93+T\x8b\x16\xf9\x1b`\xeeD2I\x98b\xa4_\xcc<~F\xe3\xe1\xb1t\xd9[:\x0e\x93\x90\xb1\xa2l3`\x1f$\xa9\x7f\xe3K\xe1\x8e¹\xa3\n\x86\x8aq\x87\xf7T\xfc\x9f\x90e\xd3\xd6Y\x9a4\x15\x10`\x85B\xfd\xa6\x1a(\x02A[\xa4\x82\xd6bl6}\xcdz>\xb6(t\x81\xee\xbc6\x8f\x83\xf0\x88\x8f\xa9V\x81\xe7\x01\xb3\x97\xc1p\x10\x002iz\x1a\x1f\x9e\xe2jE&\xfcL\xb5\\\x018\x02\"Y%\x18\x80\x82\xae=~R\xc1\xf1\xe6O\xe5\xee\v\x9f\xa7\xd8+0\x9c\"1\xc3tF|\x06\xc3L\xf3\x03\x8f\xe7\xe1j\xd54\x95\xd0_\xcd\xe9\x12P\x85Fk\x1bE\xeeY\x8c\tX!\xccU\x91Ι\xa1(R2\x1e\x84~\x14\x01pT^\x95\xa8\x87\xb0`\bg\x8f.\xdb\f\xc9\x12\xc2\x1b\xf2\x84\x1b5+m8$N\xc3*$f\x86\"a\xe2\x146\x10\x89Ǒ\xbe\f\xddԁ/\x86F\x18\xb6\x17\xa8\n\x91\n|E5\x01'\x85\x14R\xd2N\x91\x8c\x12\x1fX\xf4\x9en*{\x15\x82\x85\x18\xb0F@\xb2Q\xb9Q\xbb\x9e\x83\x1d\xd6\xf5}0\x89\xb1-\x89\x8a\x18_2V\xcc \n܋\xd02\x1f\xef\x1b\xa3\x86\x87QX\x99pE&!^\xd3T\x87t)\xa2\xad]\u008a\xc1~]x.Z\xfd\x8e\x02ڛ\x13z9G\x92}\xb8,\xe9\xdf#qFT\xe42\x16+\x8b\\,\xf9\x92y\x8d\xf8[\xe1\x9dY\xb7M$\x11 \xf2af\x902\xb6\xecg\xb6g\xacY\x15\xb9|d\xe5\x18;[\x7f;\xb1gU\x83D\x14\x8dثM\x17\xc1W\xd2\xf1\xf0\x95\x00\x93\xd0S)dS\x1d\xd2uj\x9b>\x8c\xec\xacb\xfby\x82\xb05\x88\xda\v\xb80\xa4$\x02\xf6\x90xڢV\x8e\xb4\x00+}\x88~Ԇ\x1en\xfa\x8a]\xc6\x0e\x91\xfc\xb4\x1atu\xe5\xb6r\xa0\xaaA<G\xbcm\"\x7f\x1e\x16\xb4i\xa2\x01\x83\xca\xc8Rz/\xe7\\506hV{\xd7҇\x04Y\xee\xfcK,\x1b\xe0z\xe5\x04݊\xe4\xf3\x06\xc3B\\\xc9@\x9c\xe62\u074c\r\xadlVEVQdk \x94+\xfe\x0f\xb9\x11\x85\v*YB\x83\n\xb9{B\xb5\xc0\xd3Y\x97\xc2b9\x10\xce\xf4\xe0\x88\x89v\x83\xc5\ab\xb1-\x9c?j\xc2\xfa\xf0\x94\x13Mx\xf6\xeb\x89Fȗk\x84\xea㘎ުh\x0f\x17lqK\x0f\x89-p\xeb\"2ZX2\xb1\xb42\x91a\x83\x19!\xb1\x801\x93I\xc6\n\x1f\xcd\xe0\x10\xe8\xd1\xc6\aT8cj_\xe4\x85\xe9\xd9R\x8e6_\xaa¡\xa5.\xf6N,W\xd6\xe4\r\x8a\x9e=Щ t_\xd5@\xedb:z6\xe4b\xbd\xa6\x86!\xf7\xc1$vz.a\xa2\xe1\x87\xfd9Ҧ\x17~\x93\xaa\xa4x\xf6\x8a\x02H1~\xa6RX\xe1\xefk\xdb_\x11\xdb\xf9\xd2\au\xa0\x11\x8e\x93\x17\xbb\xd4R3 P \xddL\f/fQ7Q[y\x17\x92\xee<\xf3(\x01\xbe\x16\xdaU\x93?\x87\xbe[\x13\b\xfeG$Ccq}ѓ\xf6\xc1$#\x85\xf9@\x89SF\x97\xb2X\x16\xae\xfag\\\xc1K\xba\xc2\xd6\xea\xfa\xe2\xda)m\x12\xd1\xef@\xdcq\xed\xe0f\x96\xaa\xedYi\xcb\xf6G\xb6q\xa7#\x84\xb8٪\xd6j\xbb\xe9e\xf3fp%\xf9\x9b\xbel$2Q\x8c\x13\xfd\x14l\xf84\x9c\xeb\x18\x16\xe1\x02e\xaaxT\x95\xcc\xc58A)\x19/\x1d\x01ٶ(<\xb6\ff=1\xd1\"[cSiWd\x9ep\x96q\xb0\x8c`6\xab\x01S?Ѥ\xd0V\r\xba/1\xfaUT\xb6\x7fr\xdd\xd6ͪ\xb3MS\x99\x14g&\n/\xea)]\xc3b\v\"\xba\xe4J\x14\"\\\xf2.`i@*\xb9\xb2ŪS\x1ee\xb4Ra\xbc0\xde+\xaa\"\x02\xc1G\xee\x96g\\?\x1d\x12\xf0\xda\x11\x90\x1a\x9d.\x18\x16kT\x01?\xf4\xd9\xf3R\xa0\x83! \xf6Q\xfa\x83\xda9\x13\x00\x91ik\xc76\x9f`.\xa5ƆA\xf4\x11,j\xb7\xec8\xc2֗UMFG\xd7=\x8c\x95\x9a\x95\xb1\x8c\xa0\xddr\xf5`ThrH\xfb\xa2pw\xc0F\x10\xb7A\xa8\xe8\x16rflu\xfc\vXv\x88\xe4\x16\x7fhT6\xbe\x10\x87\x17wز\xacF\xb0\xcd\xc3L\x8c\xbc5\xfa\xb5C\x97C?\x18G\x15\xe6;2Ξz\xce<\xfb\xdcis⻧\x9f\xfe>\x93ē\xe5\x89\xf5*a\xe9\xefBU7+t\x842T5Am\aU\xbd\xae\x03\x03\x02\xbc\x1d\xa1\xf2Lb\x82.\xc6)\"\x03{_\xe4\f\xa8\x82r\x11|\xb9\xe6\x03\xbe\x01q\xe11\xf5 M\x7f\xcd?S\xa2\xb1 \x86E\x82~S)\xaeT\x19\a\xb7\xac\xab\x17ӎl\xcb\xfe\xb2R\xa68N\x9e+\uf249߅\x88\xffR\x86\x80\xcf\x17:˩g\xf9;\xabv\xdd\x06k\xbe\xe7\n@\x85Vux٬V/\x0f\xffp\xb5\xa0_\xca1\xfe\x9f8\xbc\xfe\x9fw\x91ŋ\xd3\x10=R\x8a\xb1\x05\x9aU\x8c\x02\xa5<\b\xffB;\x15\xfe\u0092\x8cI\xf1\xcc\x0eW\xfd\xda\bW\xc7S\x15\x9c\x99\xa0\r{d\xde\x1c\xb1}Ҧ\xe7\xe0\x9a\x1f\x8e\x8a\x86r\x14\xc58*\xb63\x87\x84\xf2'$\xa1B>\xc2q\xc6f\xb3\x1f\xa3\x19AZ\x9d\xa5\xae6\"\"\x89\x95\xa5\xfa\xadAmc\x7fG'\x1f\xff\xc6\xe2\xa3\xfc\x84\x8e\x0e\xceuW\xc07\xfc\xfa\xb7N|\xfd\x9b\xcf|\xfd\x9b\xcft\xb2Ԉ\xfc\x7f\xa3\nM\xdb,ei\xa0\x9f\x1c\xd5\xcbr1(j\xa0\xb9\x13YO\xac\x98\xd2m\x99\x13um\xc7Pd\x90\xc5z\xb2\x13g\xf9\xc5r\x80\xc9\x13\x8c\xd0η\xbb\x9a\x93\"{zw\xe5\bΌ\xb0\xee\\sİ\xfa\x14\xdb\xc8\xf3F\a\xef;\x85W\xac$(\xec\x19\x95\v\x15\xa5(\xec\xd5M\xbb\x9bވ\xd2\x1f$ \xd46\xad,\x80\x1ee[-˸\r\rU\xb6\x01\x11\xa7HRDY\xc7T+\xbc\x88\x8d^\xe4\x976Y\xb0\x82\xe8$\x84\x97_q\xcd#/i$.\xe9\x8f\x17\xb38\xb69\xa9Sx\x81FJ\x1a#5\x92\x14\x05ZX\xd0}\xff|\xed\x87ΐ\x12\x86\xab\xd3\xc1\x10\x1a\xdf\x03\xe3\xc9D:\x1f\x12\x89\x89\xa2^Y|\x02\xfe\x96\x8c\x18\xea\xe4XIkS\xe521*&;F\xbc\xe3\x1e\xf7R\x9a\xad\x9bX͖\x8e\xacl\x05\xb4(\xc6\x16\xd8:\xcd\xf6u\xe3S\xb5\x0f\x86\x86uj\x857Iؠ\xa4\x161\xae?\xcd\xf0`\x8b\xa0\xd3\x11\vJ\v\xee\xa8\xf9ѓIS\xa2Yw\x99\xab\xdb\xead)\t\xc5\xd4\vu\x0f\xac\xe2@\xdf\xeb\xd0\x14\xe3\xcc\f\x96\x99\xc9-\xf1\xbfd3\xf8\x14K2M\x15\x8e.\x9b\x97¢\xef\x9b\x15\xe3\xfbI]\xe1\x89'\xbe\xdeζSC\xf5P'm\xb3^\x15\xbeG\xd1s\tN\x0e\xb41j\xb2\f˱F\x87CL\xdfCCc4\x1b\xe6HTq\xd9\xc0\xd93\xe4ٳ\xf8RPKG\t\xbd\xc2k\xd1\xf6Ə\xa0\x02\xfd\xa7iߚ\xdbZT\xfacsd\xb27}\xf8\xa7\xeeƸ\x15L%{J\xe7r\xe7M\x1659\xf9Ϯ\xb7\x1e\xb5\xe68u\xfe_|\xb9֯\x86)\xeb\xe4\xca\x1e\xacE2Iб&N<\xa9\x1d\x9f\xcbB`\xbdj\xe8\x92B\x96\xe2ǋ\xc9\x11\x1e\xe8\x90Rs\x98\xf4\xc2\xf7:B=q\x84\xf9\x87\n\xdfmu\n\x8f\xec$\xd1_\xedf\xb7a\xddDvh\xe6\xb2\x14\xf9\xa1l\v\xebf\x19\xa5T]\tmU\x8a}\xc6\x06\xa3˓\xbbD\xec,\xb1!\x8e\xcd\xf1\xdeӳ\xf5*RTUg|ߵ2/\x98\xffG\x99\x82\x85\xa5,`\xact\xedH\bR\xedD\x9d,!+\x8e\"\xa9\xa7\x9c\xf6_~\xf6\xa8\\3\xff\xd5\x7fy\xffRC\xe1\x9f\xc0F2/<\x94\xa8<\xfe\xb5'\xb2\xd4B\x96\xc6\xe9\xa0\xc1\xc8\xecD\xae/\xb9}\xb0>\xda&;\x9cZ\x99\xb3k\\\xafW\xb8\xe0-Q\x03\x935+\x91\xaa\xc4v\x01\xfd\xd9\xc9\xfc\x19\xb8\x06Y\x9b\xa2AF&x\xe3\x87Η\x86\x0fng\x9a*\x8b6\x18\xf6\xef\xa9W=Ŕew\xe3X:\x8fJ;s\\\xb3\xf0\x9ba\t0\x1e\xe9\x90\xfe\x10ɪ\x17`\x13\x0f\xae\xc1\x89h$\xb7\xc0\x0e\x04](¢\x8c\xdeP\\;\xb2+nԎC\x168\xddb\xe55K\xb6V\xb5)\xab&9f0QS\xa5'X\xd4\xd6 \xb3\t\x83\x06\xf0\x8fF\xd2\xe4\xc9̄Y\x179\xef\x11o\x9026\xd0PEt\xc7>Y\x12|?\xa1SOF\xe9\xfc\xf8&%7\xd0\xff\xebdG\xb3\xc9\xcc\x19ғ\x93\xf6\xa0\xef\x10\xe9\x0ep\xc7\xe4roO\x86oLj\xa7\x1d%\xe0\x95\xec\aP\x9d\x1c\xad7V̇\xde0\xd11\xc3p\a|\x82\xf15g\xeb»\xd0\xd0\"W\xd1\xea-\x1b2;\xe4p\xb6\x8a\x8dR\x9a\xc5\x10\x8a\xec\xd5p\xd3\xc3ٺe\xb5g>M\xb2d3q\xa7\xd5£\x8f\x1ao11\xa1B\x12\xb6\xec[\xa3\xb9\xf0\x94\xe8G\x8c=\xac\xf2]d\x85\xd3\xc2\xd5^Z\xedV㛂i&6\x15\xed``%\xfb\xb8\xbd&\xa9\x85\xaat\x86c\v<?OBO\xfb\"\x86ݼZ\x01\xc6h\xcb8\xc3ݘ̗4\xcb\x19~I15\xe0\nP\xa0\xa7\x90ء\x10=P\xf6M\x12\xb2\xb6\x89\xbb\xddx\xc5U\x06W\x9algW\xd2}\x93g\x877ل\xc9\xecrc1\xbe \xe0\x12\xd8{\x02JQ\xc2\x1c\x9440\xb1=\xd5\x0e\xcfa\xdeG\xb0\ac\x8e\xfc\xbf\xfa\x9er\xcbI\xddQ\xfam\xc3b\xe95\xf3\xa8\xe0\xf7\xa2'\xabH\xf1\x8em\x9cQ<\x1a\x1c-d>o\b\x0f\x10\xc5\x04\xaf\xdbC\xf9\v\xea8\xa9\x81\x859\\-8\xd2\xc3A>r\a\x83\x88'P\x8dm\xe6\xe8\xc5\x001\x05\xed\x14\xcf'\xb3\x80\xa8zZ\xe6f\xaa\x06ʫ\xe4\xdf:Y87kf3\x97!\xf1\b\xb6\x82嶮lT\x84\r砰zêB\x8e\x8d\x18\xc4ѫ/8I\xfdQ\xbf\x1cSl\x82\x9c\xe7\x89}M\xef.a\x03\xfaM\xdc~\xa5;\xc8=\x9f\xf2\xb2\xad,\xa5\xa9d\tY\xc0\x033v\x98zIu\xb4\xb0\x97q\b&\xe6\xad#a\xbeY\x95ݓ[-K\xbap\xb6>\xbe\xaa\x14\xa9\x80o)\xe92\x19_\x12\x03\xa6w[\xb8\x02~\b\xe6i\x02\xba\xd8\r\xdfXY\xb7\x87[\no\x14\x98\x99\x92\xff\xc6h\x8e\x11\xa5I\xcf|\xef\xbb\xdfi\x9a\x8d\xef;\xa4(\xc1<d\x84\xa9\x05\xd8\xd1\xfa\xa2ݎ\x96U\xec\xcf,a\x12¨\x1e؞<\x01-\xb9ȥ6\xa8P\xf6\x1fcw\xbd\xf1\x0f\x83k\x92G\x1fS\xd1B9\xaf\f\xbdS\x99].^V\xd4-P\xca}\xa4&$\xec\xe4\x18I\xe6.v\xfd\xa7\x92⼬['\xa1ݓ\x99\x7fD\xa7(\x1cf0j\xb8\x94\xa2\xd4[6\x93{\x8a]\xc7T\x83\xcci=\xec\a$r\x8d\xc2W\x83ڭ\xb1\xee\x80\xd0\xe4\xfb\x98\x86\x8f\xb88\x1cM\xb6\xa8\x9f\xe5\xfe\xa49\xc1\xb4jU\xcagA<néq?\x91\x98*L5heۛ\x9c\xf6U\x19\xfb%\x9e+s\xd9\xf2\xcf\x00{!\x97\xab%ak\x11\xbb\xc0V\xc4\x1dz\xa9\xab'\x9a\xc9 \x92\xb8\x8eF5\x80>yU%ޜe\xb6<\a\x83\xc1OZ\x8b\xad|\xa3H\x822\x18\xbd\x8cڳ\x90\xa2\xca&6&^⾄\x16D\fر\xa7(\x1eQ\xd2\x157\xd5 K\x15`\x8a;aw\xb3\xa6\xac*\xedF\xe3Y\xb1\x83\xf8O\x86\xae\xac$yH\x827څ\xce\"j\v\xac>\x96\xf6\x02\xc93p\x06\x8e\t\xc6\xf0l\x14ܖAF\xad(\bn|\x19I\xe4\xf0\x99*\x1b۬;\xb2\xd5\x05\xc3\t\xbbF\xb2\xe4\xf8\xe8\x81\x05\x0f\x01\x86ug\xd4}1\xbb.,5\x1aj\xd0Y\xca\xf0\x12F\x19K\xadí,FNj^Q\x1e'\xc2;qWT\xed\x1cTu\n\xb9\xf3\x8ct!\x88X\xea\x16\x8b+\x90\xc1\xcf\xca$\xbc\xf7\xa4{\x0emߵ3\xbc\x85R\xae56\xf0\x9e%\x11{\x96>\\i\x97UېЛH/\x9f:5o\xbeS\x15cr\xe4\xa1-I\nX°\xbe\x06\xf9\xa6\x94<\x85\xcf2\xb4\"\x81Y\xa3\xbfi1\xc8 \b\x8d\xa62J-6\x92\xb8\ts\x17Kw\v\xb7PJri6\xbd\xaa\x94\x94\xb7\x0fI\x8f\x89s`6\xea0 \x1a8\xd2\xc2T\x15\vФ\xde'\xbf\x8d\xbc\x00\xe5\xe3\xe1\xff\xb2\xb3\x116\x0fe\xe5%/\x8a\x04ӢP\xb9Y\x1d'\x9al\xb2\xcf0i\xc7YU\xf4բ\xc0\xa3\xe0S\x95BM<\xaf0\x82\xc5\xfc\xa6\xc5XN\xe6\x10\xfd\xbf\xc4\x06\xaa\x82\x8aJ.\x9fX;\x9a\xca(\xc24\x86&\xf3Z\x11\xd1T^fF\x9f\xe8\x14\x8d\x11܇\xf2s\xd6}`\v>\n\xd0;\x13\xf9\xc9\xc7\t\xcd\x1eߨ*Y\xe2)\xdbC6\xc8W\x16%\xd0C\x87&\x9f\x9e\xe4\xcdձeV\xc7\x19,P\x12\xb4l\x9fqւ\x17E\x16<\xef\xc9.@\t\xb9\f\x9f?\x9f8\xb2|\xd9T\x99\xff\xde\xc90\xe4&\xd4\x1b\xe1\xe5j\x1d\xb8\xf1\xc2˾\xc9b\t{\xef@\xed?\xb1i\xec\xdd\xdb?\xab\x7f\x8bֽ\xe2Y\xf0\x1b\xf4\x1bV\xa7c=:\xd6y?ܻ\xa5*\xf0\xf5\xdf\xeea\x1d\xf9}\xae\x91\xffLW\xa5\ufff1\xf7o\xf8\xf9\xc3\xe9\xef\xed_\xd4\xf7\xdc\xff\xd9\xdem\xe4\x18 \x16\x04u\xe5\xdeM\xa8\x02'f\x01\xe0\x1b\xd8\x7f\x93+\xbc/\xc5*o\xfd\x84\xf7\xf6>\x83\xef@\x15<\xb2\x03D\xe6\x85\xfd7\xd4=\x81\x8d\xe0\\\xc6\x05\xa0j\xe0\xf7\x7f\x8e\xac#\xc0\xe7\x00\xf7\x84{\xdc\xe2\x1as\xe0F8\x17\xef\xf1\x00\xeb\xd0/\xc5^A6\x89\xfdK\xfc\x06;{\xff\x03\xee\x0e5\xea\xf0\x0e{\xbb\xf1\x9b\xc0Q\xa1z\tY\x03v\xb0\x1a\xfd\x01rJ\xbc\x9b\xbd\x1fT\xea_\x8e\xbc\f\xe7\x90\v\xe2\x93\xfd\v\xf0\xb4\xc4r\x00Wre\xffM\xae\x8c\x87*\xfb\a؞\a{\x0f\xf5\x13\xf6v\xb2\x9e\xd8\xc1\xff\xdf\xc1\xdaw\xfe^\xfc\xdb\xe7{\xef\xe0\xd5\xf7\x91\xd5\xe0&W\xa3\xbdrp\xe3\xe0\xe3ǯş^\x97\n!\xac\xe2\xfa\x14+\xb9\xb8\x9e*U\xb7\xe1߮\xc5:\xb6[Xw\xf4\xfe\xe3\x9fRE\x93Tnq\x8dؽ\x83O\x0f\xae\x1d\xbc\x9bUqQ=Ս\x83\x1dU\x9dtM_\x89\xad\xb9v\xf0>=\xef\xe0=\xaa\xa6\xe2\xba'\xa8\xf1\xfb\xe0\xf1\xeb\\M\xf5\xde\xe3\xf3X3Ew\xf9\xf4\xe03\xa8\xee\xe2w8\a5`\x8f_\xe7z\xba\x1bX\x8d\xf6\xfa\xc1\xf5\xac\x92M\xda\x02\x15lҖ\xf7\x0e>\x82\xab\xb8\xbe\xeb\x1aV\xac\xc9\x13\xde\xcb~\xbb\x81\xef\xfb\xfa\xc1G\xf4\xdb\xe3\xf3\xa9VKj\xc0\xf8y\x1fA+\x0e\xee\xd2=\xb1'o<\xbe\xc8=\bm\xbc\x00\xd5\\\xf8\x1bգ}x\xf0\xbb\x83{\a\u05f9\x86\xed\xa7\x8f/\xc5w\xb8\x1e\x9fp\xeb\U0006ba9e\xed\xbd\x83\x8f\xd5߮\xe9wx|\x11*\xe7\xe2\xdb^;\xf8\x8c\xea\x01A\x14\xad\xaa\x8f\x13\xa0\xa6^\x8eB\x98t\x12\x89\xd2\v\x1f\xf8\xed<\xaa\xab$\x85\x91\x0e\x94\xe4W\xa4\b\x06\xb6;\xd8\xd08W\n9\x97\x1f'\xc1\xbc\xce\xdf\xf4\xab\x1e\x1c\x8d\x06\x83\x8f\xcc\xec\x19z\xb5spJ\xe6\x01\xe3,3\xb7\xd4m\xe5[y\x9e\xdc\t)\x10\xb6\xe6 \xad\x97\x85t[\b\"\xe9\x8d\x1a\x037l\x9b\x98z\x02?\xdf\xcdI\xfc0&+u\xe2&Hd\x87[\xc5\xd1\r\xca{\xb7\x8d\xb2\xf6\xe2\xe1\xd2\x03\x9b\n]\x94V~\xf8ɭ\xf8W\x15F@\xe79\vm\xa3/\xaa\xfc\xb5\xa3˙\xab\x9a\x99\xfe\xed\xee\xd1<\v\xb7\x9a\xe5t\xd2\xfb\xf6\xaa\xeae?\x11A\\\xfa\t\xf4Տ\xc8v>\xfeĲ\xd6\x10\x01:P\xd61\xe7[-\xe6\xc9\x0e8f\x95w\x94\xa1\xbeZ-\x9d<\xdet\xa6\x93\x8f\x8aJ\xbf\xc1\x9d\xdb\x19\xb6\xa0\x9d\xea6\xf0\xafIK\x10\x7f\xe5$\xaa\xcc+\xf2\xd8bX\xb2\xdd͢\x86\xb9\xf5\xd59U\x923\x05\xf4\xea\xfd0/\xd9ZC\xe9Z\x16\xf0\x96\ai\xc5\a\x10\x8cȭ5\x1b̖+\x8a$[`4\x8b\xfb\xe1<\x98\xc1\xbd\xc2b\xd8-\xa5\xda.&\rG\x7f\xa3\x12z\xe3WY1\x96\x8d\xbdX\xb5\x929<\xc7\xf3TU\xc7\xe4\xa9xI\x06\xb0\xf5\xf2mԼ\x8f\x94\xbcy\x88\xf3k\x9cy\r\x8dy\xde\xd6\xcd8\x11\xcdQ3Rڢ\a\xefMϗ \x10N\xe4\xa4\xe5\xdd6\xd9ZIp3\x9a\xf1\xe0\xd4&\x9b\xf2\xb9\x1aVouƜ\\\x1fսu%\\\f\x17\xe7~/\xe2\xbb\xd4\xe2! \xcb:B\xcdl\xb3\xfe\x93\xa3s\xdaҢ\xb1\x96\xd7\r\x11\xc7J\xb7\xe6i\x16\x14@\xf3Y\xf8\xb7F\x98^\\\x9a\x84_VP\x8fQ]\xcca\x8c9\xb9\xa4a\xc2\xfb\x91\xb4\x1c\x99\xc3Yue\x19\xbdZ\x15\xb0Ji\n|\xae\xf2{\x14% \\\x9f<\x17\n\x84\x99,\xa9\x82q\xa3\xd4\x7fR]ŞO\x02\xf4\"b2\xdfͺ[Q\xd3\x1a\xa7\nR\xa1\xfe\xb0gi[^Q\x1a\xde\xca\xe8\x17oV\xb8\x7fY\x12\x99\xd5\xfa\xe5\xf5qp\x12\x91\xbb\x8a&\x11\xa7\xa5ZeDk&\xb2/\xa6*\xf3<\x9bȃ\x8f\x92;`\x84%\x17CN:\fi\xb4og˾FPa\x1c\xa6(\xecF\xdc(\xb1&2E_\xa3v%\xfd\x95Dg\x181\xbb:V:\xf24\x82\xb0\x9c\xe9A\x88v^#uz\xda\x1a\xb0U\xa94 \xaec\x021ؼ\xee\xf4;\xf9\xc6H$\xf0\xd1/Ta2qeU\x9c\xe9Œ\xa4\x16\xfb\x06\a\xaf\x9boA\x1a\xe4\b#\xd8T\x1b\xcf\xd7Ն]\xb3\u0096\xcc\x1a̪\x06E\xa2\xaf\xaa\xec\x03&\b\xd1\xcaUC\xbbV\xba\xc6\xf7\\\t\xf1\x9f\x17 ^\xdas!\xe5\x9d\xe9A\xa70/\x15G%mU\xb8\x15\xaa\xc2\xd8M[\xb3\x1f\xbb)\xac\x939\x9e\x85\xb9@c\xbc?\xab\xa1\xf6e\x9e\x0e#\xbe\xce\x04\xa7\xd3\xc5.\x82\xc6NY\xf0l\x13=\xdc\x1a\x15]-e\x15\xe7*m2\x98\x13a\xbc$\xac2\x9a\xa1lI\x1c\xf7\xc1h\x90\xb1\x1c1Tӹlr\x18\x0e,\r\xa5\xb9Ċf\x8e8\x11\x8fF\x95A\x123LG*\x89\x1fj\xf0\x97\v)\x8f\a>\xaeC\xba\x8f\x1bH\xd3A\x04M\x91\x05\xe8\xb20r|\xa4\xf8\xa6n\xf3eW\xdf`f\x98\xab\xe7\x88^C\xb1\x8b\\\x11\x8e\x94]\xa1\x01\x11^\x97\xab焹h\x17H<\x88Ƅ\x19~~#\x1c)\x8f\x90\f\xe4C\xa6\xcd\xe1\xbf~\xca,L\xcc\xfa\xa2[\x15Ye~%\xc4J\x91TD\xb8\xb6\xae\x9eK\xd73\x87\xd2\xed/\xae\xbe\x86_\xf9HXh\x1e\t\xb1\xcc=\xc5-s㋫\x17\x80c\x04\xbe\xf2\x0e\xde\xf9\xb7H{\xb2\xadX\xa7\xde\x12\xaa\x9c+|g\xbe\xd5\xdb\u0099CL,\xbfT\xb7\xfd=2\xc3\xfcL\xd8T\xaeK3\"?\f1 \xbd/\x7f\xfd #\x1db\xe6\x13a\xfe\x89DaqP\xb8'\xb7\x99։)\xb9\xce\xe1\x9f>\x10ʗ\x8f\xe5\xeb\xe7\x85\xe3\xe5}Ł#\x94P\xf0\xa0\xff)\xad\xa2\xe7\x12\xc7\xcb]i\xfc[\xfc\xf4\xedׄ\xd7h\x1b\xffD\xb4W\xe7\xf1\x89\xaf❉1\xec\r!t\xba!$Z\xef\xe1Ͽ\x15>\"M\xffBlE\xbf\x17\x06\x98\xcb\xd83t\xe7_\xcas/\xe2<\xbc\x8c\xed|\b\xff^E:/f\x19\xdae\n\x1d\xf8y[\xfa\xf0Ma\xa6\xa27\xfaP\xe6ϯ\xa11W/\v\x1b\xd8\xfbx\xab]\x19\xc4\xf7yb\xf3+ܓ\xf7\x95\x9e\xe4\xc9v\x19\xbf\x12\x99\xaf\xae\t\xd9\xd1#\xa1Qڑ\xaeۖ\xf7}\x1f\xa9\x84ޖ\xef^\x97\xfb|*cDs#\xf2Ƚ/\x93v[(\x89\xde\x12\x16\xa0\x1b\x8a\xe5\xec\xaeLfz\xc4YYA\x91~*\xb2\xe8l\xcbj:'\xbb\xc1%5\n\x0f\xb9I\xcc/\xf4.S\x0f]='\xedܖ\xe9\xf7\x96,\xbd+\xb8pn$>\xba\xabo\xc8\r\xdf\xc6~\x8e\xfb\xc9\xf9\xb4EpgR\x93~\xc3\x1fF^/\xbe3q\xfbܖ\x8be\xc6rOF\xd20\xe9:\xb8\xec\n\x7f\x05\xfeD\x94M\xc2\xe5u\xf5Ui\xe1M!\xefb\xae\xb3:\x84oh\x8d\x8d\x85&\xcf\xf2\xe0\xc7\xeaw\xdbD\x900\xa6\xd5s\x83\xbbՙ\x80a\x98\xac\xae\xac\xf0\xdd\t\xaf\xb8\xe1\x9a\xd1š/\xf1V\x8b\xbd\xc2\xf7^N\x99-\x93\x9f'\v\x13&mK\xee\x1f\xfdj\x9b\xbb\xecG\x97'rC\x80^\xee\xbb\x1e\xd7\xc8\x1f7\x13\xb6j\xc2'\xa19t\\\xf8\xd89\x14k\x9e$\\2\x94k\x97.x+\xba\x8ebUw\xe0\x01\xa8\x91\x06\x14\x01n\x85\x10x\xc9[\x98\xf0\xfcZ\x00\xc7\xd0zc\x91օ\xdbo\xfb}\x84\xcf}\x17}\x0fWG\xfc0\x15Ě01\x00K\x13\xb1\x02\xe6@.\xd7L\x18\x87\xc6\r۹\ty\xacA\xe2\xf0\x95\xf6\x0f!s\xffr\xbb\x8b\x9c4&!/\x15ڻp\x83f\xb95\x111\x987y6ߢ\x89\x9d4\xbb&\x9c\xf5N|>g\x18\x97':\x80p\n\xc9TE\xac\x8e.\xcf49\xe2I9?T\x97\xa9t\xb8\xc0\n\x12WS|\xcd\xe8\xe3\"\xffC\xbb۞\xf0\xa8Z\xc6diU\xb8\xf1\xb1\xffU\x15vp\xbe\xe9)7\xb0\xa3\xa2\x99\xa3\x82\xaeH\xa1b\x9e\x1c\xff3\xa9\x823_=\x10\a\xfd\xb8Y\x1f\rW\x7f\f\xfd\xf7\xe3M\x1b\x1a\xed\x1a\xaa\x1f\xf1%̄\x1f\x92F\x02q\x1eA\xf3\x82\xc3\x17^\xa0\xacS\x94\xb4\xd1z\xc3T\x83Cˇ\xed\xc4\xe3\x8cԈ\x06dV2\x02\xf7\xc4^(+\xb2\x15\xdb]rU\x12VR\x978\xe2x\x9b\x1c\x0f\x9aϮ'\x9e\xe0\xf5\xb1\x106\x9c\x05\xc1\x0f*\xd2t\xb5ć\x94\x1f\x8d\xa4#pO\xad\xad\aZ\xac=\x98\xc1=r\xc3۹ÿ\xf0\f\x16\xd0b\x86ن\xaa\x9c\x9fX\x0e\x87\u0093\xe3\xd3v\r2\xfes\xe1\xe8?>\xf1\xdf'L\xdb\xce\xe2\xc4\ai&P\x80\xec\b6\xeb\xc8\x11\xf6\x1b\x8e\xa8\xfc\x18v \a\x85b\x100\xe1\xfb\xe8ߥ\r\xf4=\x8c\xe9\xd0\x0f\x13>H\xc3\xe1\x8c8\x7fW'\xf6\x97\xc81N\xa2\xd6G\xffx\xe5\x8f\xf7\xffx\xff\x8fw\xff\xf8\xe0\x8f\xf7\xfe\xf8\xd9\x1f?ؿ\bl\xc0{79~\x8e\xb9\x06dн\x89\xd1\xf1]d9\x06\xaec\x8c\xb0\ufff9\xf7\v\xccT@$\x1f\xf9~\xf3|\as\xfeޥ\xbf\xe2\xb7\x7f\x8d\f\xc1\xc0'\f\xf1\xf7\xf3{\xff\x8eY\x84\x1d\xfc+e,\x88Q\x199\x9f\xf1\xff\xf9\xf5:\x02\xcf|\xcá\xbb\xbb\xff\xca\xfe\x1b\x9c\x1d\xd8\xe1\xec\xc4\x0eg\x05\x1eb\v\xdeܿ\xc8<\xbc\xc4\x1a\r9\x98G\xc87|\x81\xd8l\xf7\x7f&\xef\xb7\xffs~\xbf\a\x98/A\xa6콝\xbd\x9d\xbc?\xf0\xea\a\xd8V\ua7dd\x89\xec\xc8\xcd\x14\xddW\x9cx\xccK\xa6\xe2گ@\xa4\xfb\xe0\xdad\xc4\xff\xf1\x05\x15\xbf\xbe\xa52\t\x17\x80\xa9\xed\xe0:\x7f\xff\xce\xc1=\xe0̣\xfb\x1d|\b,e\xf8\x84\xc4MF\xdfz=r\xf5\xbdzpC\xfd\x1d\x9f\x8f|{7$\x8f\x90\xf1\x9c]=\xb8C\x11\xfaǯO\xb41q\xde\xf1\xf3\xeaj\xb5j\xb4XK\xcc\xe5S.\xb7\xddM5\x94LX֙<\xa3p\x8fC\x90\x1b\xeft\x93\x8b\xaa\x13\x89\xa1\x00-S\xf5\xaa\x02\xb9~\xd4\xda\x0fm3\x11P\x9c\\H\x1d\xad\x14\x82\xc5\xdf\x141@\xd0\v\xfdH x\xc4\xea\x94\x1cY\xe3H\xaex\xa3\xed\x89\xed-a\xe7d\xfd6[\xael\xbcK\x1b>\xaa\xceW%.a\\̢\xeei\x9e\x06I\xc9\xda\xd5v1cn8\xdc\xca\"-P\xab\xdc\xc93\xa3p\xeaH̙\xbb03[\x00\x12\x1f\xbf\xc2\x03\xd3\x16y\x9c\xf8\x7f\x1dD\xa2\xadG\xc6EP\xbd9WҺ3\xadI\xeb\x83\xf7\xd2\x04\a\xa4!\x8b\xd6\xccJ\xfbD\xedm1o\xbe\xe3\x8aM\xacw\x9d\xc7q\xd1Y\x90\x14\xc2\xe0/\xa7\"v\xf4\xfc]\x10\xcc\x7fg\t\xa11\xddNf\xa1\x81\xea\xd3\x046\xb9\x1aPt3\xd6\x00M%*\x8et\x18\r\xbd\xd2\x1e5\x83\x85\xff\xdc\xee\xb6\x12J3\x02\x127\x9d-TX\xb2q\x05\x8f\xa6\t\x0e\xa3㓧\x9d\x994\x87\x10\xe8#q=\xb8GVN\x05M\a\x04ǀ$\x97\xe8\x18\xc8+o\x10\x90\xa0\x8a\xc6U\xdd*\xe2\xee\x06\xfeL\xbb;1\xb4\x87[\xcdz\xed\xdcB\xdf\x0fI\x03\xc7\x16\x14\v\x867\x83\x03\x15\x90\x8c\x03Cqԓ\xb6\xae\n_\xda\x00\xaa\xf2μ\xec\x8bj\xe8\x9a\x1a\xa8\x04'LG\xc2\x1a\xf5\x9a8c\"\x1f\x92\x04\xe1\x9e_\xaf0\x84eN\xb0b\xae(x\xc4\xd7\xe7\x9c@\x11\xdf\xe5IW\xbed\x87\x9e\xd8\xdd^.|YW\x85[\x00\x13\vzm\xcd\x0e\x1d\xef\x1f\xa9\x92Ǘ\xe6\a$\x00\xc5\nZ\xa2\xa1d\xc48x\xbe\xae\x10\x84\xf5\xedQ\xe3\xcaU\xa8\x18\xd6D8\x02\x98ET\x0e\xb2#!\xe2EQ\x81\x11,\n\xd1)ZM\x95\x99\xdd$7\".G\x8a\x8fKLM \x98\x02\x0eI\xd6}\xdc\xfa0\xa6\x18\x96\xa44-\xf6\a\xcbJ\x81\x8d\x85\xd1ǐ\x97B\x012\x88,\xd4\x14\xc6D\n\x89\x11\x94\xe5A\xa9\x84\uf14c\xf9\vn*`o\x12o\xb2k\x15\xaf\xe3ò\x90\x0fO\x9a\x05-\xc0\x8f\x19-\xf4l\xcb\xfe\xbc\xd1;BF\v\x05O\xf9\x9e\xef\xd5\x15\x14\xf2\x9a\x1f`&3\xa4\x1a\b\xde\v\x13\f\x8d\xe7\x812fhk\xcb\xf8ð?*\\\xf3(\x92\x84\xc1\xf3Ɖ\xb1\xc4D\x95BL\xa1\xa0L\xb9\v\xb1X;\xdbC\xa8\x98\x88!\xf9P\x15\xb1*\x06.̊\xbf%\xa0\xf9\\\xd1Od'\\嚴\xcf}\x19\x12\x1e\xc5 {\x00\xd5\xdaěj\tl\xac\x87\x1e\"&\xcf7\xb1\xac@\v\xf1\xb2\x92\xce\xdaH\x146\t\xb4\x18\x8bV\x96z\x01\xb2qI\x1f\x9a\x1d\x9a\x13\x93\x9bt\xf6\x058\x15{\x15\x14\xe6\xf7]\x9c\xda\xcdV\xb5Ь\xfb:\n3>5b9<\x1fH\x95\xb0/\x1f\xc0\xedj_\xf5\xf3B\x06C\x1d\x94;V̏\xc7y\xbbb\x9c\x91\x12\xf2\xdaO̓p\xec\xc2)\xe7j\xb5\x7fd\xfcu\xf0\x15\x9a=\x14/Ǯ\xce87!o\x11\x1d\x13\xbb\x1a\xaabԸ\xe5\xf6\xe4&\x1c\x83\xdc\xc7%\x1e\xbe\xac\xbcRr\x94\x96_\xb2g\x96\n\xbf\x1a8\x9e\xb0tl1\xa5\xa8\xa4ڈ\x06CŹ\x97xYk\xf3\aM\x10\xd8\xe5\x17\x90\x88d\xa5\xfd|\xed7mol\x9eG\x141\x1c\x7fn\xae\xfd\xf5o\x9dTe~G\xa6\xda\xdc}N龡\x88\xe6\xbc\xf2\x04\xc9V\xfaf'\x81'\xe5,U\xa4\x1b\x83\xa2\xb2\xcd\xf1җ\xaeA<\x9a,©\xb5ߚ2\xc8\xc2t\ai뉸s\xcc\xd4\xccK\xe8LQxl\x9bIC\xad=\xe5Q*^3~<4\xeb?-\x15U\x15\x1cWO\xf6\xd5\x04\xa5\t\xd9Y\x9a\xb4\n\x90ͮ\x18+2\x0e\xd1ILuX\xcbSF\xa0N\x94\x13\xde-#7\xc4뫲v\xb6\x0f\x12Y\x8d\xa3j\xb4<\x15\x04\xe7p\xb4/\xa2\xa9j\xb2\x84\n\xf9\xbaH9F\x12\xaa\xe8\xb1w\xfe\xe6\xa9\xe7N\x9e\xfeߟ\x7f\xda\xc8Ph\xd2\x1e\xfa\xb7ݝ\x8cIe\x03\x8cQ\x95\x1c\xef\a\x0f[\x9924|\xc9'Sm\xa0\xf4cT\xbb\x89\xcd\xc5,u\xf3\xaa'\x18\xd7\xef\xd8z\xd3\xd6}\x1d\xd1IF\x15\xb5j\x89Le_\xa6`\xc0sg\x06U\xf6%\xc3V\xf9\xcbn\x8cX\x81\xb6\xe9\xf1[\xa8\x99\xa6<\x05\xae\xcf\x1c \xd3D\xa1j\x88\xf5\f'\xf3\xdcL\x99\xedyM\x06|ԙ:h\x16\xa7N６\x02\xbe\x15\n\x98'\x85J\xae\xfb\x92\x8f\xc0\xc8\xfaѸ\xc2啍\xc2\x1c\x95\xeaN\xe4P#\xe9\xb0A\xc3D\x85\xc2He\xb4\x16h2/t\x85\x1b\x15\xd0eK\x14\f\xc6^\x8e\x16\xa5\x1aA}\x15\x8c\xbb5\x931\xa6\xd3Sm\x9e\xf2k\x9a\x84/\x86@\x94\xab\xab\x9aI|ܙ^1\nH \x91\x15_b\xf4E\xab\xb3\x91\xb7\xd7\x1b\x15T\"\x1c\xb9oN\x9e:\xc1\xe1\xa6gl\xafY\xad\xaa\x97#6 1e\x944sl\xcc\xddJ\xdduڔ\xb1\xec\xd5\rU\xf5>2m5\x05\xc4\xcfz\xa4\x18K\xc9\xefbl$|4/c\xc1\xda\xc2\n\xabN\xbb@`\xc4\xffsM\xa3T#\xbbS[\xe4\x89\xd2L\xa4\xda\x15\xd9I\xa4\xfb\x04\afT'\x93\xe0dUҔn\x1c;\xc30[\xd6\\Y\x8d\x02\x97\xe2\x85\xe7\xeb\xaa\xe7\x1c\xcc\xe7\x94\x10ר\xea\xc8\x1f\xe4]P\x00\x03\x02\t\fSu\x8e΄\x1at\bl\xff%\x8b\x98\x9a8\xc70\xee\x95\x05\x84\xfb>\x04& \x8a\xac\xa7\x8a\x13\x96\x98n|\x9f6ژ\x98_'bRa(\xc7zFFJ\xc4p\xebS\x10yD\x1bJj\xb1#-\xb0\xa1\nU\xa15ҕJRE\x9a\x18\x89ɈԼ\t\xb5\v\x8d\xb4/\x81O\xf8\xeeT\x80\xd5C\xda\x10\x9a\xc0e\xe3k\xa4\xf8\r\xc1E\x9d\xf0\xcc)\x88\xcb*F\x1b\xc1\xba\x81\xee\xac\b\xf3\xe3{\t\x06c\xec_;\a\x93\xa7\x94\x99\xb5[\xb6\xee\x87\t.\x84\xad\xadE\xc6;)\x84ʓ\x15\xec\xbc@\b\xc3\xecya\xa2\x86\xac\xee\xad+H \xcf̉Zx0̩\x86\x12ƷjʪqA\xd46\x85\x82\xa9\xe72\xdew\xf4\x13\xf2\xea_\"\xee\x9e\xf43\xe3\xb3=\xd0o-n\xacoL`\xed\x8c/\xa76\xdaVb\xc7\x14\xea#kBSW\xb8E\xb0\xaf\x9bGiA\xd61ǘ÷\x84\b*\xd9\xf1\xa7u\x85\x03\xbe\xbb\xc0\xeb\xda\xf4\xf0\xf6\xd1\xe5D\xe3\xe3\x89_\xd6eP;\xecb<T\x8d\xa6\x88\xe32-\f\xc9\x10\xb7\xda\x13\xcbf\"\x19\x95\xf3\x93\xe0<\xc4\x13\x16}\xbd\xa53\v\x10\x11V\x0f\xe1q4S\xee\xbc\xfe+E\xd1b\xfa!\xfe@{&\xb6g\xc3#\xa7\xcb\u07bf\ueffew\x1f\xb0\xcb\xfbg9\x96{k\xea\x93mR\x01C$\xf9+\x10\xdfee\xb7\xcf&T\xd8DՎc\x9c\xf9'\xfborT\xf5\x0e+\xbcA\\\x15⺏\xf0w\x8e\f\xef\xdd\xc2o>\"T9\xe2\xa9?ǟ(\xca{s\xef>Gc\xef\"\xaa\x9cc\xcc\xf0\x89\xe0\xba\xf9\xe9\x14Q\xbe\x8f\xba~\xa4kFO\a\xdc\xf7g\xfc\x16\x13큘2ܓ\x95\xdb \xce\xfbsD\x9e\x03\xce\xfe\x93\xbd]\x8e\xf5\x82\xb2\xdd-\x8e&?@\xf4\xf7\x03\xd4h\xdbٻ\x1f\xdf\x14\xae!\x1c\xbe|\xf2\x19\xbd\x05\xab\xb4\xc1\xd3\xffe\xef>\xa3\xfd\xe1N\x9f\xec\x93b\xd4e\x01\fܔ\x84쫘Q=\x87\xb9\xe9ۘ\xed\xa5\xfcr\x040(\xdd1\x96p\xba(_y_ҵ\xf7$\xbd~Y\xb2Ք\xd2}Wi]\xbd\xaf\x90\x00\x94\xef\xd6\n\\\x82\x8e\xb8z6}\v\xf2ο\xc1\x9f\xdff\x14\ak\t\x11\xe2\xe27*\xf9{^\xa5ݯc\x1b\xce)\xf5\x9f\x87\xea\xbd\"Z&\xbeŮ\xdc\xe7_\xf1+\xb7E\xfb캀Cn\n\xae\xe0,\xde\xff&\xe7\xcd\x19K@\xb8\x1a\x92\xc5\xf9P \"\x9f\xcbk\xbe\x8a_\xd1ߢ\x9eQ\xfd\xcc}xC\xbe\xa2Tx\x12\xc6\xe0\xb2\xe4\xd35\xb8\xe2\x91BnܐN~M\x06\xe2\x9e\xc2\xe7\xa8>L\x00\x92\x88%\xd0P\x90\x872\xf4\x82FHh\x9c\xb7\x12\x84 Ӽ;\xa7P(\x9f*\xe4\xcc{\xd2c\x8fdt\xee\n(B\x81\x8b2\xa4\xc7e\xd1\xc0\xba\x81?<\x82\x9b0\x82\xe2\x03\xd5\xda\xf3\xa2\xa6G\xe8\x91\xdf\xe4Д\xdbr\xf15\xfc\xe2\xf9\xf4\xa6\xe9Y7dD\xae\xe0\xb7>b\x80\n\x8b\xf1\xd1\x04\xbb&}\xf2\x91(pQ\xd7m\x8b̖h\xba\xf1\xd3?\xcaf/\xebٽ\x8a=y\x16\x81+\x04cxC@A$rG\xed\xf9\xa5\xea\xffW\xa4y\x97d>\xc7~\xfe\x80q)\tV\xf4\xb9\xcc\xde\xeb\xb2|\xae\x8b\x04U\x9cc\x82\xbaI\x9f\xd00]W\xfd\xbc\x93\xeeC\xe0\x10^\x17\xd7e\xc5E\xe1\xad\xeb\xd8\u008f\x95\x18\x1c*\x06¯\x1f\xc5\xfbL瑲ڔT\x91r\xe1\xf1E\xa8o\x80lP\xacj\x105#\xb8\xe6\xde\xc1\xc7\a\x1fg\xea<\xe9\x13\xd1i\x9a\xcc\x0f\xfd\x8e\xebD^\xc5\f\xd5'\x98\xa5\xa2;CM\xcb\xf5\xc7\xe7\xe3\xd3/\x8aƑ\xfa\xe4\x0ef\xbb~*\x9f\x1c|\x80\xed:\a\xd5\x1c\xac\xe3sm\xf2Y\a\xd78_\x85?)\x87RB0[\xdfZ\xac굥c\x7f\xfb\xb7\x7f\xbbt\x06I|\xc0G\x98\f\n\xa1\xdb\v\x7f]61\x150yQWX\x9b\x94>Gێ\x90\xcb\x06Y\xbfW\xda\xd5`\xd0֔vL\xe3\xb7\xdcT\xa6\xb0P\x89\xc0\xa0\xffձ\x99\n(\x99\xafMԇ\x80\x19\xa8SV\x9cÉV\xd6\xd7ڳ\x04|\xf8\xcbZЃ?ju\xa6\xf21KKO?\xdb6\xfa\x81[\xae\xecU}\xf7\xe2\xf7O\x9d\x84\x12\xd3\x12\xad%~\xe0Kv\xd3\xd2-\x8eO&\x9eQc|\"\xa7\x12z1\xaacb<N\xd3Y\xf1cʹu7\xed\x8fg\x06\x19?xzh\rX\xa1\x13\x11-IT`\xbfS ji\xc6\xd8N\a\x9e\xb0'p\x90))\xf4w\xdd\xd6\xd6T\x1a\xe4\xef&Ro\x18[\xc1\\\x7fv/3\xe5\xb1\x1e\x9f\x8e\xb7\xb40Z\x98\xa9{4\x9d鐔\x99\x1d+\x99\x00\xb3\xab\xc0\x8c|9\x9f\xdf\xf8R\x99\x84\x04\xb1:d\x05\xe7\xc8\x17fr\n\x83\x14\xb2\xcf\x02\xfe\xba\x1c[:z\xb2M\x10\xae\xce!\xcb\xf0eE\xbe$S\xd4L\xe5\x12\x8f\xc5:\x13\xf8\x17\x16\xc2\xda*\xe8ysP\xe0dU\xae\xd5.L\xa7\x93\xfdP@Uʅ9ѳ}7\xa4\xb8\x04!G\x82\x8a$\t\xaaG{\x95\xdc\xfc\xc55װ\x13\xf1\xe4\xf8T\x7f\xce\xf7\x8f\x12\x93\xdcK\x02\xcc\x06\x97\xf8\xe9\"\xa7\xf6:\xbal:\xd3c;m\xa2\xb7\xb2q\xa6\x18Yw:b,Xe\x97\xaa\\\x18&\x8e\xc2\x17́\xa15\x1d8u\x9de\xc0\xe9\xdf\xe9\x9d\xc3gj\x10\x14V\x9c\xe0\n#\xba\x81\xc6\x16\x1cC\x8c\x9cP\xe6\a\xe0\xfd\x97k\r\x10+>\xb5xrqz\xde/\x10\x0f\x83pA@`c^K\x93qG+\xaf\xb0\xafʭ'ʆT\xc2LB\x9d\\!f\x8b\x14\x7f4\xd3\x01ȡ\x0f\xb9<[5\x88<U\xf3f\x9d\x9d\xc20\x1d\xdd<Y\x15\xa3᪷\xeaf\xeĕ\x15R\x14.N\x19\x05R'P\xfdƁ\xc0,\xfb\v\xe1\x9a<hg\a\x03_(\x80 F\\\xeaX\x81\xce\xcb*\x05\xef\x14C\xdcT\b\\\x02+p\xdd)\xb8E\xd9\xd7PG\xfa\xc1\xa4,\\\xf4\xb6\xb5d\x00/\xee\xe7$w\xb9\xe5V\x83G\xb5\x15\x88\x9cB\x96\xb8IE\x8btڹ\xbe\xc2\xed\x01\xceH\xe2\x8a1\xdb*$\b\x91\xe5\xe2\x19\x8e\xec\xaa&3\x94I+\x001+\xbc\x9e&\xcfV\x8d\x1a/\xec¬\xc4\xc9\xe2\xbeӳ\x1bV\x04I\x12\v\x9a\x0e\xdcfS\xael\x84\x89g0\xaaq\x9e\xaa},\xf5\x17\xa9\x18@}\x87\xc8Y\xa4\xad\x14B`\xe3jT\xae\xb9ڬ\x12\xb1\xd9\xf4\x00u\xf2\xd4\xd0?,\xbcxbac}\x1c\b\xed\x10Ej\x00\aX\xfb\x06\xb60\x99}16Ճ?\xf4\x00m7'\xaf\x91\x92\xa3\xb8\r`\xc7#n\x84\xde10+G\x8cs=\xd1\xce-\x1aP\xe5\xd1\xe1\x1f\nD֎^7\x18X&\x98\xce\xc0q\xec\xad\xfb\xa2_\xbb\x92\xe6\xd1\u05ff\xf5\xf4\u05ffu\x92\xe7\xd8\u05ff\xf5t\xfb\xe8\xd1\xe5Ɉ\x14\x9c\x90\x19I!\x7f\x0e\xd3\xea\x87\x13u\x8f\x93\xf8ڲ*\xdd\xc4&\x8d\xd0\xcb\xe9<\xdb?,\x94n\xcb<e\x1b7w\x146\xed\xd3~\xe8掚\xe9\x10L;;VزH\x16R\xb2y&\nrQ\x95.\xbe\x832\x8d\x90\xaaVV\x17=\xaf\x91뎨>\xc8Kg\xe96\t\x8e\xa3\xb2x3L&\x8e\xd0\xeb\xfd\xa9\x11\x03I?\x99\xa9YsS\xc4BP\xff4r\f[8\xae\xc7<\xf5N\xc6\xd2H\x1c\x01\xadw'\x1bO\x06\xbe\xe5\a\xe5\xdc\x1dԊI\x9c3\xd3V\xac\xd5v\x88\xf8\x97\x88\x80\xd0\x02Gܾt\xbf\x84\xb6\xc8\nk\xe5\xba\x19'\xf6\xf4\xf1\xf9O\xed\xce\f\x83F\x1dG\xd1F\xcd\xf2\x17|5\xf5\xf2\xc4H\xfdo\xdd\x0e\xbc\xa8\x9e\xc2\xc2(\xa7g \x1au\x13\x95ؓxk藶\x99\xce$\xb7g\x9c\x9b3\xac\xb76\x8de\x93\x8de\x98a\xf9\x1dnM\xb7\xaf;k\xe2\xf3f \x82t\xa0?\xb6<\xe3\xd0H\x8caI0%*W\x89:\x89\a1\x03\x96m\xd0\x18l\xc2\xfcg\x00\xab\x89\xccg\a\xfe\xcd\xd4$8/F\uf4f3\x1f\xab\xa5\xb7Y\xf9\xfe\xdc\x13G\x97\xdb\x19\xe3x,u\x9ev\xd5R\xce!m\xdd\xdd\x19&w\x8e?\xa4\x9f&*\xd4\x11\\B\x18(\xd4\x1c%\xce;x_\xc5l%\x8b\xa13\x1dd\xeeqV\x1bN\x8e\xc2\x0f\xb0{\xe73\x1dD\x01\xa3Loa&qP\xc2ud\x1e\xf4\xfdFAĢ\x91\xc1&$^\x9f\xf4\xbe81&\xf0ofF\x1fp\xf2:\x88\x8d\x03m\x99\xe1x\xfaL\xedJ\x99n\x99\\\x17q|Myt$\xa5\x86\xd9\xee\xf8\x93\x96n\x12U\x8a\x7f\x1a\xf9f2\xb32\xb4\xf5ˮ\x9fϭ\xbe\x88E\xf0\xfe\x15Ag\"\x88\xc4}\x1a\xb5z\xd4u\x9c\xd7\xcaܣ\x89\x02i\x84\x12\xe0\x98n\x02\x8e\bh\x90\xddZ\xed\\ \xcbn\x03\xf2\x9d\x91\xe9j.:\xc8ɇP}\x153\xa2\x89\x05;\xd9G3\x86\xa8kf8\x90\x88\xc1!P\x02\x02\x87\xa0m\xb8\xfe&\xe0\x108#Q\x16(\xe1+\x95:\x15\xda+[>\xb8\rWc6\x1d\x97!\xf7\x15\xee/\x13\x0f\xcf\v/i]\x92~\x98Ü\xa2\xef\xd3\xfb\xf1\v\xc1/1\xeb\x18\xb3jꀀ\x01\xa9\x86\xbe\xa7\r\xafL.\x91G`0c\x7fA<&\xcbB1>\b\xc9\xf4Gk\xa3?\xdc\bf\x8er룣\u0087\xb3\xff\xab\xbd\a\xfb\xe70\xdbqs\xff\xc2\xf4g{\xef`\xd6\xe0\x1cr\x04Qn\xe4\xded\xee\x82\x10\xe6{\x0f\xf6\x7f\x8aY\x80\xcf%\x9f\xb2\x7f!fAR\x0e\xe1\x01q\x06I\xf6\x01\xb8u\xa6\xbf\xcbX\xf9\xc9\xcfޡ,\xca\xfe\x05İ\xefF\x8c>\xe5Cv\"+\xcf\xf4\xfd~N\xed\x85\x16'\xae\x9d\xbdO\x98\x1d\xe8&~\x86|8\xc2o\x821\xbf\x0fPy\xfd\x15\x8e\xaf}\u0091\xc2\v\n;~\x9e>;\xf8\x10>\xcbϨ\x17O?\x03{I \xeb\xab\x1a5\xaa\x16&/\xdde9\xd6lב\xd9\x04\xbf\x99\x15s\x04\xe7\x9al\xf6S\xdb\x0eXT\x13\x91,\x8a\x0e\x85YvV{\xd6a\xa00\xe2iK\x8a\xd6HK\x99#\xb8\xdc&\x97_g\x96\x91\"\x7f\xcc,\x9cT\x15\"L`\xaem\xa6lF\xb8\xb1\xa9J\xac`\xcbN\xb99\xb1l\x95a\xfb\x13E\x18*\x96N\xdb<\x8f\xa6\xfb\x91\xa0\xfd*cf\x19䓆6Z\xf3S\xc74\x95\xa4dG\x17\xfdoroWWN\xfc\xfb5\xe0\xfd\x84\xe5\xf8\xa3\xa1/\x17\xb8l\xab5\xcb\xc6%ҚnN^C\x87\xd7D8B.m\xe9k'L\x8aV\xe7o\x16\x16\xfe1'\xf08\xe1khI\xb75\xa3GfY\xa6[_\xec\xbe\xf3\xc5\xee\xed/v\x7f\a\xff\xde\xfb\xe9\x17\xbb\xbf\xfab\xf7\xb7_^\xb8\xfa\xe5\x85\x7f\xf9\xf2\xc2;_^\xf8\u0557\x17\xde\xfb\xf2\xc2o\xbe\xbc\xf0\xeb\xaf>|\xef/\xbf\xffE,9\xbfw\xee/\xbf\xff\xc5Qɋݔ\xe4\x05e\x19\xdeŸ\xfdk\x9c\x02\xe3D\x8fdm\xb8\xe2\xf2\xb2\xa4\xdbbU\xe9D\x06'\xa6'bR V\xa1ސ\"\xd0]\xceB^=\x9b\xee\xc0_\x97\x92O\xae,\x8eų\xbfR雉\x84\xe0\x1bR\x04\xfdHrX\xff.ͻ(\xf5\xa47U\x921V\r\xc7|\xe5u)\xf8Չ\x9bsS\xa5\xd9W\xb8\u0094\x93b:\x9f5Q\xa6\xbd-ż\x97\xb9h\x9d\xfb\xe4:4{\xfb\x91\xfc\xe9\x86$Ȯȕ\x8f$\xe5\xf7\xb6\xfa:\xf5\xcfyl\xb3\xfe\xf0\x86T\xef\xe6U\xf0\xdcڛ*\v\xb9\xad2Dq\xdc\xe9[\xef\xc9\x17?\x92^\xbd\xf4\xc5\xf6\xbb\x99pi\xf4\x82\xa7ф\x80?Pf\x84*K\x9b\x9a\xf6\xf0?\xf6N&-\b [Q\x8f\x91\xfa\x1bܰ&\xfd\xcbY\xa7~\xbb;\xf1;/\x97\x19q\xf93\xc3B]\x9b6\xb3\tz)\xd9=\xd3\x0e\xa9\x9a`̊\x99aCͲ\x87\x97\xba\x93!\r\xf2j\x16g\xef\xdc\xca\xe3L\x8b^o\xa4iwmwgm\x9f\x13n(W\x83\xaa\xdd]\xb9x\vKK?\xf8\xd6ɥ\xa5\xa7N?e\xfe\xe1;\xa7\xbf\xf7]sl\xf1\t\x93;]\x12\x91\x99px\x98*kɊ\xd8\r\xbanu\x05\xcf\x0e\xad\xec\xf4\x94\xaf\xa4H\xc6\xdf\xdbM\xfb\x02w\xfa\xac~\fO\xae\xcd\xf2\xff\xccDg\xb1G\x8bO921\x9aG\xa6cP\b \xca\xef\xc0\xe3jf\x1eY+G\xbe1#\x03ՙyd\xb6 \xd13o\x1a`\xee\x84W\x9f\xc7ԛ\xaa\xfaR\xe5hy\x1d\xb9̳\x99[\xff\xec\x05\x90\x1fg\xd1@\x98\x15)jwm\xed\xed\x02\r\xc1J\xbb\xa9G\xae\xdd\xfd\xbf\xeev\xf0ofr\x1d\x14+O,S\x1d\xba2\x8f~\xa4\x1c\x7f\x9c\xda\xc7\r0#͜\xa8\xeb\x87\x0e͊\xa7٦\xaa\xdbf\xb2%ݙ\xc7\xff̷\x98}\xae\xba\x99ݰR\xcf|\x9c[\x99e\xachk\xbc_\x99'k\x1b|qTq-\xee\xee\xdd\x15\v\x1a\xadٻh#\x7f\x9a\xf0;\x19\xef\xe4m\xa9\xc6\xc4\xda\xcb;\xc4\x1e\xb9\x7f\xf6\xff\xef\x0e{\xbbx\x877\xf7\xee2z\xe7>՞滧y\xfe\xc5'\xbf{\xea\xa4i\x97\xcd\xc2\xe9\t\"\x03\x18\xbe\xe9\x98\xcaI\xf8;Dc\x18v\xa6\xf3\xab\xb4\x13\x9f\x19\x16e\xd0}?{;8\xfd\xd4\xe9\xa7h\xef<\xb6\xd0d7T\xa6\xed\xe9\xef\xf3%K3,\xe4\x8d\xe6Ȳ\xae\x80TG\v\x86\x8a\x9ag\xab\xbe[\xa4\xba\x95'\x11\xfe:s\xff(\xedKaz\xce\xf6j\x1f\xdd٣\x8b\x88\x87\xe7\xc9;m\xc3\xe2\x17p\x0eO\x9f5\xd3QG\xfc\xf3\xacH\xd7RWUSgF}g\xf6i1\x1d\xb5\xc2F\xa93DS\xee\xcd\xc0\x04\xe0*\x99\xbdSNGG\xb0\x93\xed\xe2Lgef\xb7\x0e\xdd\xfa\xec\xd7d\x85\xa8\xc9٢\xe7\tN\x93\xff\xb4\xf8\xc41s:?\xfdc\xc2\xf1\xaf<\xb3\xf3W\x86\xa7mf\x9f`3^\x1eӞ+3\xfb\xb0\x99;bf\x9f\v\x7f\xa5\xbf\xda\xfd\xd9FL\x00dp1\x03\x0e1\xfd\xfe\xb46:\xb3͓V\xeb\xaf\xfc\x01\xd7\xd2\xe2tOO\xade^\xf9\x13fD<\x1c\xff\xca\x10\xb6\xfeJwvf\xed\xd3\xf0^\x7f\xa5ۺ\x88\xce|S\xedP\xbc{\x11\x06Sj\xe7\xd9\xebO\xc8\xc7]FQ\xc6:t@_\xe2^\xf9\b\x11\x8d\xf1>\x825\xdb\x15s5Z\xebW\x04\xed\xf5+\x05+\xdb\xcd1no(V\x18\xb2\xee\xaf)\xe0RD\xe4=R\x04?\x8f\xf8\x9e3\xccyr\\\xae \xc5\x14\xe1\xb6n\nV\xeb\xedY~ƍ\xdc\x13\xba,$O\x0f\x11\xf9\xb5\x9b[\xf7\x8c\x1d\xfb\xff\x06\x00"
